Date,^GSPC,^HSI,^N225
2013-11-01,1761.6400146484375,23249.7890625,14201.5703125
2013-11-05,1762.969970703125,23038.94921875,14225.3701171875
2013-11-06,1770.489990234375,23036.939453125,14337.3095703125
2013-11-07,1747.1500244140625,22881.029296875,14228.4404296875
2013-11-08,1770.6099853515625,22744.390625,14086.7998046875
2013-11-11,1771.8900146484375,23069.849609375,14269.83984375
2013-11-12,1767.68994140625,22901.41015625,14588.6796875
2013-11-13,1782.0,22463.830078125,14567.16015625
2013-11-14,1790.6199951171875,22649.150390625,14876.41015625
2013-11-15,1798.1800537109375,23032.150390625,15165.919921875
2013-11-18,1791.530029296875,23660.060546875,15164.2998046875
2013-11-19,1787.8699951171875,23657.810546875,15126.5595703125
2013-11-20,1781.3699951171875,23700.859375,15076.080078125
2013-11-21,1795.8499755859375,23580.2890625,15365.599609375
2013-11-22,1804.760009765625,23696.279296875,15381.7197265625
2013-11-25,1802.47998046875,23684.44921875,15619.1298828125
2013-11-26,1802.75,23681.279296875,15515.240234375
2013-11-27,1807.22998046875,23806.349609375,15449.6298828125
2013-11-29,1805.81005859375,23881.2890625,15661.8701171875
2013-12-02,1800.9000244140625,24038.55078125,15655.0703125
2013-12-03,1795.1500244140625,23910.470703125,15749.66015625
2013-12-04,1792.81005859375,23728.69921875,15407.9404296875
2013-12-05,1785.030029296875,23712.5703125,15177.490234375
2013-12-06,1805.0899658203125,23743.099609375,15299.8603515625
2013-12-09,1808.3699951171875,23811.169921875,15650.2099609375
2013-12-10,1802.6199951171875,23744.189453125,15611.3095703125
2013-12-11,1782.219970703125,23338.240234375,15515.0595703125
2013-12-12,1775.5,23218.119140625,15341.8203125
2013-12-13,1775.3199462890625,23245.9609375,15403.1103515625
2013-12-16,1786.5400390625,23114.66015625,15152.91015625
2013-12-17,1781.0,23069.23046875,15278.6298828125
2013-12-18,1810.6500244140625,23143.8203125,15587.7998046875
2013-12-19,1809.5999755859375,22888.75,15859.2197265625
2013-12-20,1818.3199462890625,22812.1796875,15870.419921875
2013-12-24,1833.3199462890625,23179.55078125,15889.330078125
2013-12-27,1841.4000244140625,23243.240234375,16178.9404296875
2013-12-30,1841.0699462890625,23244.869140625,16291.3095703125
2014-01-06,1826.77001953125,22684.150390625,15908.8798828125
2014-01-07,1837.8800048828125,22712.779296875,15814.3701171875
2014-01-08,1837.489990234375,22996.58984375,16121.4501953125
2014-01-09,1838.1300048828125,22787.330078125,15880.330078125
2014-01-10,1842.3699951171875,22846.25,15912.0595703125
2014-01-14,1838.8800048828125,22791.279296875,15422.400390625
2014-01-15,1848.3800048828125,22902.0,15808.73046875
2014-01-16,1845.8900146484375,22986.41015625,15747.2001953125
2014-01-17,1838.699951171875,23133.349609375,15734.4599609375
2014-01-21,1843.800048828125,23033.119140625,15795.9599609375
2014-01-22,1844.8599853515625,23082.25,15820.9599609375
2014-01-23,1828.4599609375,22733.900390625,15695.8896484375
2014-01-24,1790.2900390625,22450.060546875,15391.5595703125
2014-01-27,1781.56005859375,21976.099609375,15005.73046875
2014-01-28,1792.5,21960.640625,14980.16015625
2014-01-29,1774.199951171875,22141.609375,15383.91015625
2014-01-30,1794.18994140625,22035.419921875,15007.0595703125
2014-02-04,1755.199951171875,21397.76953125,14008.4697265625
2014-02-05,1751.6400146484375,21269.380859375,14180.3798828125
2014-02-06,1773.4300537109375,21423.130859375,14155.1201171875
2014-02-07,1797.02001953125,21636.849609375,14462.41015625
2014-02-10,1799.8399658203125,21579.259765625,14718.33984375
2014-02-12,1819.260009765625,22285.7890625,14800.0595703125
2014-02-13,1829.8299560546875,22165.529296875,14534.740234375
2014-02-14,1838.6300048828125,22298.41015625,14313.0302734375
2014-02-18,1840.760009765625,22587.720703125,14843.240234375
2014-02-19,1828.75,22664.51953125,14766.5302734375
2014-02-20,1839.780029296875,22394.080078125,14449.1796875
2014-02-21,1836.25,22568.240234375,14865.669921875
2014-02-24,1847.6099853515625,22388.560546875,14837.6796875
2014-02-25,1845.1199951171875,22317.19921875,15051.599609375
2014-02-26,1845.1600341796875,22437.439453125,14970.9697265625
2014-02-27,1854.2900390625,22828.1796875,14923.1103515625
2014-02-28,1859.449951171875,22836.9609375,14841.0703125
2014-03-03,1845.72998046875,22500.669921875,14652.23046875
2014-03-04,1873.9100341796875,22657.630859375,14721.48046875
2014-03-05,1873.81005859375,22579.779296875,14897.6298828125
2014-03-06,1877.030029296875,22702.970703125,15134.75
2014-03-07,1878.0400390625,22660.490234375,15274.0703125
2014-03-10,1877.1700439453125,22264.9296875,15120.1396484375
2014-03-11,1867.6300048828125,22269.609375,15224.1103515625
2014-03-12,1868.199951171875,21901.94921875,14830.3896484375
2014-03-13,1846.3399658203125,21756.080078125,14815.98046875
2014-03-14,1841.1300048828125,21539.490234375,14327.66015625
2014-03-17,1858.8299560546875,21473.94921875,14277.669921875
2014-03-18,1872.25,21583.5,14411.26953125
2014-03-19,1860.77001953125,21568.689453125,14462.51953125
2014-03-20,1872.010009765625,21182.16015625,14224.23046875
2014-03-24,1857.43994140625,21846.44921875,14475.2998046875
2014-03-25,1865.6199951171875,21732.3203125,14423.1904296875
2014-03-26,1852.56005859375,21887.75,14477.16015625
2014-03-27,1849.0400390625,21834.44921875,14622.8896484375
2014-03-28,1857.6199951171875,22065.529296875,14696.0302734375
2014-03-31,1872.3399658203125,22151.060546875,14827.830078125
2014-04-01,1885.52001953125,22448.5390625,14791.990234375
2014-04-02,1890.9000244140625,22523.939453125,14946.3203125
2014-04-03,1888.77001953125,22565.080078125,15071.8798828125
2014-04-04,1865.0899658203125,22510.080078125,15063.76953125
2014-04-07,1845.0400390625,22377.150390625,14808.849609375
2014-04-08,1851.9599609375,22596.970703125,14606.8798828125
2014-04-09,1872.1800537109375,22843.169921875,14299.6904296875
2014-04-10,1833.0799560546875,23186.9609375,14300.1201171875
2014-04-11,1815.68994140625,23003.640625,13960.0498046875
2014-04-14,1830.6099853515625,23038.80078125,13910.16015625
2014-04-15,1842.97998046875,22671.259765625,13996.8095703125
2014-04-16,1862.31005859375,22696.009765625,14417.6796875
2014-04-17,1864.8499755859375,22760.240234375,14417.5302734375
2014-04-22,1879.550048828125,22730.6796875,14388.76953125
2014-04-23,1875.3900146484375,22509.640625,14546.26953125
2014-04-24,1878.6099853515625,22562.80078125,14404.990234375
2014-04-25,1863.4000244140625,22223.529296875,14429.259765625
2014-04-28,1869.4300537109375,22132.529296875,14288.23046875
2014-04-30,1883.949951171875,22133.970703125,14304.1103515625
2014-05-02,1881.1400146484375,22260.669921875,14457.509765625
2014-05-07,1878.2099609375,21746.259765625,14033.4501953125
2014-05-08,1875.6300048828125,21837.119140625,14163.7802734375
2014-05-09,1878.47998046875,21862.990234375,14199.58984375
2014-05-12,1896.6500244140625,22261.609375,14149.51953125
2014-05-13,1897.449951171875,22352.380859375,14425.4404296875
2014-05-14,1888.530029296875,22582.76953125,14405.759765625
2014-05-15,1870.8499755859375,22730.859375,14298.2099609375
2014-05-16,1877.8599853515625,22712.91015625,14096.58984375
2014-05-19,1885.0799560546875,22704.5,14006.4404296875
2014-05-20,1872.8299560546875,22834.6796875,14075.25
2014-05-21,1888.030029296875,22836.51953125,14042.169921875
2014-05-22,1892.489990234375,22953.759765625,14337.7900390625
2014-05-23,1900.530029296875,22965.859375,14462.169921875
2014-05-27,1911.9100341796875,22944.30078125,14636.51953125
2014-05-28,1909.780029296875,23080.029296875,14670.9501953125
2014-05-29,1920.030029296875,23010.140625,14681.7197265625
2014-05-30,1923.5699462890625,23081.650390625,14632.3798828125
2014-06-03,1924.239990234375,23291.0390625,15034.25
2014-06-04,1927.8800048828125,23151.7109375,15067.9599609375
2014-06-05,1940.4599609375,23109.66015625,15079.3701171875
2014-06-06,1949.43994140625,22951.0,15077.240234375
2014-06-09,1951.27001953125,23117.470703125,15124.0
2014-06-10,1950.7900390625,23315.740234375,14994.7998046875
2014-06-11,1943.8900146484375,23257.2890625,15069.48046875
2014-06-12,1930.1099853515625,23175.01953125,14973.5302734375
2014-06-13,1936.1600341796875,23319.169921875,15097.83984375
2014-06-16,1937.780029296875,23300.669921875,14933.2900390625
2014-06-17,1941.989990234375,23203.58984375,14975.9697265625
2014-06-18,1956.97998046875,23181.720703125,15115.7998046875
2014-06-19,1959.47998046875,23167.73046875,15361.16015625
2014-06-20,1962.8699951171875,23194.060546875,15349.419921875
2014-06-23,1962.6099853515625,22804.810546875,15369.2802734375
2014-06-24,1949.97998046875,22880.640625,15376.240234375
2014-06-25,1959.530029296875,22866.69921875,15266.6103515625
2014-06-26,1957.219970703125,23197.830078125,15308.490234375
2014-06-27,1960.9599609375,23221.51953125,15095.0
2014-06-30,1960.22998046875,23190.720703125,15162.099609375
2014-07-02,1974.6199951171875,23549.619140625,15369.9697265625
2014-07-03,1985.43994140625,23531.439453125,15348.2900390625
2014-07-07,1977.6500244140625,23540.919921875,15379.4404296875
2014-07-08,1963.7099609375,23541.380859375,15314.41015625
2014-07-09,1972.8299560546875,23176.0703125,15302.650390625
2014-07-10,1964.6800537109375,23238.990234375,15216.4697265625
2014-07-11,1967.5699462890625,23233.44921875,15164.0400390625
2014-07-14,1977.0999755859375,23346.669921875,15296.8203125
2014-07-15,1973.280029296875,23459.9609375,15395.16015625
2014-07-16,1981.5699462890625,23523.279296875,15379.2998046875
2014-07-17,1958.1199951171875,23520.869140625,15370.259765625
2014-07-18,1978.219970703125,23454.7890625,15215.7099609375
2014-07-22,1983.530029296875,23782.109375,15343.2802734375
2014-07-23,1987.010009765625,23971.869140625,15328.5595703125
2014-07-24,1987.97998046875,24141.5,15284.419921875
2014-07-25,1978.3399658203125,24216.009765625,15457.8701171875
2014-07-28,1978.9100341796875,24428.630859375,15529.400390625
2014-07-29,1969.949951171875,24640.529296875,15618.0703125
2014-07-30,1970.0699462890625,24732.2109375,15646.23046875
2014-07-31,1930.6700439453125,24756.849609375,15620.76953125
2014-08-01,1925.1500244140625,24532.4296875,15523.1103515625
2014-08-04,1938.989990234375,24600.080078125,15474.5
2014-08-05,1920.2099609375,24648.259765625,15320.3095703125
2014-08-06,1920.239990234375,24584.130859375,15159.7900390625
2014-08-07,1909.5699462890625,24387.560546875,15232.3701171875
2014-08-08,1931.5899658203125,24331.41015625,14778.3701171875
2014-08-11,1936.9200439453125,24646.01953125,15130.51953125
2014-08-12,1933.75,24689.41015625,15161.3095703125
2014-08-13,1946.719970703125,24890.33984375,15213.6298828125
2014-08-14,1955.1800537109375,24801.359375,15314.5703125
2014-08-15,1955.06005859375,24954.939453125,15318.33984375
2014-08-18,1971.739990234375,24955.4609375,15322.599609375
2014-08-19,1981.5999755859375,25122.94921875,15449.7900390625
2014-08-20,1986.510009765625,25159.759765625,15454.4501953125
2014-08-21,1992.3699951171875,24994.099609375,15586.2001953125
2014-08-22,1988.4000244140625,25112.23046875,15539.1904296875
2014-08-25,1997.9200439453125,25166.91015625,15613.25
2014-08-26,2000.02001953125,25074.5,15521.2197265625
2014-08-27,2000.1199951171875,24918.75,15534.8203125
2014-08-28,1996.739990234375,24741.0,15459.8603515625
2014-08-29,2003.3699951171875,24742.060546875,15424.58984375
2014-09-02,2002.280029296875,24749.01953125,15668.599609375
2014-09-03,2000.719970703125,25317.94921875,15728.349609375
2014-09-04,1997.6500244140625,25297.919921875,15676.1796875
2014-09-05,2007.7099609375,25240.150390625,15668.6796875
2014-09-08,2001.5400390625,25190.44921875,15705.1103515625
2014-09-10,1995.68994140625,24705.359375,15788.7802734375
2014-09-11,1997.449951171875,24662.640625,15909.2001953125
2014-09-12,1985.5400390625,24595.3203125,15948.2900390625
2014-09-16,1998.97998046875,24136.009765625,15911.5302734375
2014-09-17,2001.5699462890625,24376.41015625,15888.669921875
2014-09-18,2011.3599853515625,24168.720703125,16067.5703125
2014-09-19,2010.4000244140625,24306.16015625,16321.169921875
2014-09-22,1994.2900390625,23955.490234375,16205.900390625
2014-09-24,1998.300048828125,23921.609375,16167.4501953125
2014-09-25,1965.989990234375,23768.130859375,16374.1396484375
2014-09-26,1982.8499755859375,23678.41015625,16229.8603515625
2014-09-29,1977.800048828125,23229.2109375,16310.6396484375
2014-09-30,1972.2900390625,22932.98046875,16173.51953125
2014-10-03,1967.9000244140625,23064.560546875,15708.650390625
2014-10-06,1964.8199462890625,23315.0390625,15890.9501953125
2014-10-07,1935.0999755859375,23422.51953125,15783.830078125
2014-10-08,1968.8900146484375,23263.330078125,15595.98046875
2014-10-09,1928.2099609375,23534.529296875,15478.9296875
2014-10-10,1906.1300048828125,23088.5390625,15300.5498046875
2014-10-14,1877.699951171875,23047.970703125,14936.509765625
2014-10-15,1862.489990234375,23140.05078125,15073.51953125
2014-10-16,1862.760009765625,22900.939453125,14738.3798828125
2014-10-17,1886.760009765625,23023.2109375,14532.509765625
2014-10-20,1904.010009765625,23070.259765625,15111.23046875
2014-10-21,1941.280029296875,23088.580078125,14804.2802734375
2014-10-22,1927.1099853515625,23403.970703125,15195.76953125
2014-10-23,1950.8199462890625,23333.1796875,15138.9599609375
2014-10-24,1964.5799560546875,23302.19921875,15291.6396484375
2014-10-27,1961.6300048828125,23143.23046875,15388.7197265625
2014-10-28,1985.050048828125,23520.359375,15329.91015625
2014-10-29,1982.300048828125,23819.869140625,15553.91015625
2014-10-30,1994.6500244140625,23702.0390625,15658.2001953125
2014-10-31,2018.050048828125,23998.060546875,16413.759765625
2014-11-04,2012.0999755859375,23845.66015625,16862.470703125
2014-11-05,2023.5699462890625,23695.619140625,16937.3203125
2014-11-06,2031.2099609375,23649.310546875,16792.48046875
2014-11-07,2031.9200439453125,23550.240234375,16880.380859375
2014-11-10,2038.260009765625,23744.69921875,16780.529296875
2014-11-11,2039.6800537109375,23808.279296875,17124.109375
2014-11-12,2038.25,23938.1796875,17197.05078125
2014-11-13,2039.3299560546875,24019.939453125,17392.7890625
2014-11-14,2039.8199462890625,24087.380859375,17490.830078125
2014-11-17,2041.3199462890625,23797.080078125,16973.80078125
2014-11-18,2051.800048828125,23529.169921875,17344.060546875
2014-11-19,2048.719970703125,23373.310546875,17288.75
2014-11-20,2052.75,23349.640625,17300.859375
2014-11-21,2063.5,23437.119140625,17357.509765625
2014-11-25,2067.030029296875,23843.91015625,17407.619140625
2014-11-26,2072.830078125,24111.98046875,17383.580078125
2014-11-28,2067.56005859375,23987.44921875,17459.849609375
2014-12-01,2053.43994140625,23367.44921875,17590.099609375
2014-12-02,2066.550048828125,23654.30078125,17663.220703125
2014-12-03,2074.330078125,23428.619140625,17720.4296875
2014-12-04,2071.919921875,23832.560546875,17887.2109375
2014-12-05,2075.3701171875,24002.640625,17920.44921875
2014-12-08,2060.31005859375,24047.669921875,17935.640625
2014-12-09,2059.820068359375,23485.830078125,17813.380859375
2014-12-10,2026.1400146484375,23524.51953125,17412.580078125
2014-12-11,2035.3299560546875,23312.5390625,17257.400390625
2014-12-12,2002.3299560546875,23249.19921875,17371.580078125
2014-12-15,1989.6300048828125,23027.849609375,17099.400390625
2014-12-16,1972.739990234375,22670.5,16755.3203125
2014-12-17,2012.8900146484375,22585.83984375,16819.73046875
2014-12-18,2061.22998046875,22832.2109375,17210.05078125
2014-12-19,2070.64990234375,23116.630859375,17621.400390625
2014-12-22,2078.5400390625,23408.5703125,17635.140625
2014-12-24,2081.8798828125,23349.33984375,17854.23046875
2014-12-29,2090.570068359375,23773.1796875,17729.83984375
2014-12-30,2080.35009765625,23501.099609375,17450.76953125
2015-01-05,2020.5799560546875,23721.3203125,17408.7109375
2015-01-06,2002.6099853515625,23485.41015625,16883.189453125
2015-01-07,2025.9000244140625,23681.259765625,16885.330078125
2015-01-08,2062.139892578125,23835.529296875,17167.099609375
2015-01-09,2044.81005859375,23919.94921875,17197.73046875
2015-01-13,2023.030029296875,24215.970703125,17087.7109375
2015-01-14,2011.27001953125,24112.599609375,16795.9609375
2015-01-15,1992.6700439453125,24350.91015625,17108.69921875
2015-01-16,2019.4200439453125,24103.51953125,16864.16015625
2015-01-20,2022.550048828125,23951.16015625,17366.30078125
2015-01-21,2032.1199951171875,24352.580078125,17280.48046875
2015-01-22,2063.14990234375,24522.630859375,17329.01953125
2015-01-23,2051.820068359375,24850.44921875,17511.75
2015-01-26,2057.090087890625,24909.900390625,17468.51953125
2015-01-27,2029.550048828125,24807.279296875,17768.30078125
2015-01-28,2002.1600341796875,24861.810546875,17795.73046875
2015-01-29,2021.25,24595.849609375,17606.220703125
2015-01-30,1994.989990234375,24507.05078125,17674.390625
2015-02-02,2020.8499755859375,24484.740234375,17558.0390625
2015-02-03,2050.030029296875,24554.779296875,17335.849609375
2015-02-04,2041.510009765625,24679.759765625,17678.740234375
2015-02-05,2062.52001953125,24765.490234375,17504.619140625
2015-02-06,2055.469970703125,24679.390625,17648.5
2015-02-09,2046.739990234375,24521.0,17711.9296875
2015-02-10,2068.590087890625,24528.099609375,17652.6796875
2015-02-12,2088.47998046875,24422.150390625,17979.720703125
2015-02-13,2096.989990234375,24682.5390625,17913.359375
2015-02-17,2100.340087890625,24784.880859375,17987.08984375
2015-02-18,2099.679931640625,24832.080078125,18199.169921875
2015-02-23,2109.659912109375,24836.759765625,18466.919921875
2015-02-24,2115.47998046875,24750.0703125,18603.48046875
2015-02-25,2113.860107421875,24778.279296875,18585.19921875
2015-02-26,2110.739990234375,24902.060546875,18785.7890625
2015-02-27,2104.5,24823.2890625,18797.939453125
2015-03-02,2117.389892578125,24887.439453125,18826.880859375
2015-03-03,2107.780029296875,24702.779296875,18815.16015625
2015-03-04,2098.530029296875,24465.380859375,18703.599609375
2015-03-05,2101.0400390625,24193.0390625,18751.83984375
2015-03-06,2071.260009765625,24164.0,18971.0
2015-03-09,2079.429931640625,24123.05078125,18790.55078125
2015-03-10,2044.1600341796875,23896.98046875,18665.109375
2015-03-11,2040.239990234375,23717.970703125,18723.51953125
2015-03-12,2065.949951171875,23797.9609375,18991.109375
2015-03-13,2053.39990234375,23823.2109375,19254.25
2015-03-16,2081.18994140625,23949.55078125,19246.060546875
2015-03-17,2074.280029296875,23901.490234375,19437.0
2015-03-18,2099.5,24120.080078125,19544.48046875
2015-03-19,2089.27001953125,24468.890625,19476.560546875
2015-03-20,2108.10009765625,24375.240234375,19560.220703125
2015-03-23,2104.419921875,24494.509765625,19754.359375
2015-03-24,2091.5,24399.599609375,19713.44921875
2015-03-25,2061.050048828125,24528.23046875,19746.19921875
2015-03-26,2056.14990234375,24497.080078125,19471.119140625
2015-03-27,2061.02001953125,24486.19921875,19285.630859375
2015-03-30,2086.239990234375,24855.119140625,19411.400390625
2015-03-31,2067.889892578125,24900.890625,19206.990234375
2015-04-01,2059.68994140625,25082.75,19034.83984375
2015-04-02,2066.9599609375,25275.640625,19312.7890625
2015-04-08,2081.89990234375,26236.859375,19789.810546875
2015-04-09,2091.179931640625,26944.390625,19937.720703125
2015-04-10,2102.06005859375,27272.390625,19907.630859375
2015-04-13,2092.429931640625,28016.33984375,19905.4609375
2015-04-14,2095.840087890625,27561.490234375,19908.6796875
2015-04-15,2106.6298828125,27618.8203125,19869.759765625
2015-04-16,2104.989990234375,27739.7109375,19885.76953125
2015-04-17,2081.179931640625,27653.119140625,19652.880859375
2015-04-20,2100.39990234375,27094.9296875,19634.490234375
2015-04-21,2097.2900390625,27850.490234375,19909.08984375
2015-04-22,2107.9599609375,27933.849609375,20133.900390625
2015-04-23,2112.929931640625,27827.69921875,20187.650390625
2015-04-24,2117.68994140625,28060.98046875,20020.0390625
2015-04-27,2108.919921875,28433.58984375,19983.3203125
2015-04-28,2114.760009765625,28442.75,20058.94921875
2015-04-30,2085.510009765625,28133.0,19520.009765625
2015-05-07,2088.0,27289.970703125,19291.990234375
2015-05-08,2116.10009765625,27577.33984375,19379.189453125
2015-05-11,2105.330078125,27718.19921875,19620.91015625
2015-05-12,2099.1201171875,27407.1796875,19624.83984375
2015-05-13,2098.47998046875,27249.279296875,19764.720703125
2015-05-14,2121.10009765625,27286.55078125,19570.240234375
2015-05-15,2122.72998046875,27822.279296875,19732.919921875
2015-05-18,2129.199951171875,27591.25,19890.26953125
2015-05-19,2127.830078125,27693.5390625,20026.380859375
2015-05-20,2125.85009765625,27585.05078125,20196.560546875
2015-05-21,2130.820068359375,27523.720703125,20202.869140625
2015-05-22,2126.06005859375,27992.830078125,20264.41015625
2015-05-26,2104.199951171875,28249.859375,20437.48046875
2015-05-27,2123.47998046875,28081.2109375,20472.580078125
2015-05-28,2120.7900390625,27454.310546875,20551.4609375
2015-05-29,2107.389892578125,27424.189453125,20563.150390625
2015-06-01,2111.72998046875,27597.16015625,20569.869140625
2015-06-02,2109.60009765625,27466.720703125,20543.189453125
2015-06-03,2114.070068359375,27657.470703125,20473.509765625
2015-06-04,2095.840087890625,27551.890625,20488.189453125
2015-06-05,2092.830078125,27260.16015625,20460.900390625
2015-06-08,2079.280029296875,27316.279296875,20457.189453125
2015-06-09,2080.14990234375,26989.51953125,20096.30078125
2015-06-10,2105.199951171875,26687.640625,20046.359375
2015-06-11,2108.860107421875,26907.849609375,20382.970703125
2015-06-12,2094.110107421875,27280.5390625,20407.080078125
2015-06-15,2084.429931640625,26861.810546875,20387.7890625
2015-06-16,2096.2900390625,26566.69921875,20257.939453125
2015-06-17,2100.43994140625,26753.7890625,20219.26953125
2015-06-18,2121.239990234375,26694.66015625,19990.8203125
2015-06-19,2109.989990234375,26760.529296875,20174.240234375
2015-06-22,2122.85009765625,27080.849609375,20428.189453125
2015-06-23,2124.199951171875,27333.4609375,20809.419921875
2015-06-24,2108.580078125,27404.970703125,20868.029296875
2015-06-25,2102.31005859375,27145.75,20771.400390625
2015-06-26,2101.489990234375,26663.869140625,20706.150390625
2015-06-29,2057.639892578125,25966.98046875,20109.94921875
2015-06-30,2063.110107421875,26250.029296875,20235.73046875
2015-07-02,2076.780029296875,26282.3203125,20522.5
2015-07-06,2068.760009765625,25236.279296875,20112.119140625
2015-07-07,2081.340087890625,24975.310546875,20376.58984375
2015-07-08,2046.6800537109375,23516.560546875,19737.640625
2015-07-09,2051.31005859375,24392.7890625,19855.5
2015-07-10,2076.6201171875,24901.279296875,19779.830078125
2015-07-13,2099.60009765625,25224.009765625,20089.76953125
2015-07-14,2108.949951171875,25120.91015625,20385.330078125
2015-07-15,2107.39990234375,25055.759765625,20463.330078125
2015-07-16,2124.2900390625,25162.779296875,20600.119140625
2015-07-17,2126.639892578125,25415.26953125,20650.919921875
2015-07-21,2119.2099609375,25536.4296875,20841.970703125
2015-07-22,2114.14990234375,25282.619140625,20593.669921875
2015-07-23,2102.14990234375,25398.849609375,20683.94921875
2015-07-24,2079.64990234375,25128.509765625,20544.529296875
2015-07-27,2067.639892578125,24351.9609375,20350.099609375
2015-07-28,2093.25,24503.939453125,20328.890625
2015-07-29,2108.570068359375,24619.44921875,20302.91015625
2015-07-30,2108.6298828125,24497.98046875,20522.830078125
2015-07-31,2103.840087890625,24636.279296875,20585.240234375
2015-08-03,2098.0400390625,24411.419921875,20548.109375
2015-08-04,2093.320068359375,24406.119140625,20520.359375
2015-08-05,2099.840087890625,24514.16015625,20614.060546875
2015-08-06,2083.56005859375,24375.279296875,20664.439453125
2015-08-07,2077.570068359375,24552.470703125,20724.560546875
2015-08-10,2104.179931640625,24521.119140625,20808.689453125
2015-08-11,2084.070068359375,24498.2109375,20720.75
2015-08-12,2086.050048828125,23916.01953125,20392.76953125
2015-08-13,2083.389892578125,24018.80078125,20595.55078125
2015-08-14,2091.5400390625,23991.029296875,20519.44921875
2015-08-17,2102.43994140625,23814.650390625,20620.259765625
2015-08-18,2096.919921875,23474.970703125,20554.470703125
2015-08-19,2079.610107421875,23167.849609375,20222.630859375
2015-08-20,2035.72998046875,22757.470703125,20033.51953125
2015-08-21,1970.8900146484375,22409.619140625,19435.830078125
2015-08-24,1893.2099609375,21251.5703125,18540.6796875
2015-08-25,1867.6099853515625,21404.9609375,17806.69921875
2015-08-26,1940.510009765625,21080.390625,18376.830078125
2015-08-27,1987.6600341796875,21838.5390625,18574.439453125
2015-08-28,1988.8699951171875,21612.390625,19136.3203125
2015-08-31,1972.1800537109375,21670.580078125,18890.48046875
2015-09-01,1913.8499755859375,21185.4296875,18165.689453125
2015-09-02,1948.8599853515625,20934.939453125,18095.400390625
2015-09-04,1921.219970703125,20840.609375,17792.16015625
2015-09-08,1969.4100341796875,21259.0390625,17427.080078125
2015-09-09,1942.0400390625,22131.310546875,18770.509765625
2015-09-10,1952.2900390625,21562.5,18299.619140625
2015-09-11,1961.050048828125,21504.369140625,18264.220703125
2015-09-14,1953.030029296875,21561.900390625,17965.69921875
2015-09-15,1978.0899658203125,21455.23046875,18026.48046875
2015-09-16,1995.31005859375,21966.66015625,18171.599609375
2015-09-17,1990.199951171875,21854.630859375,18432.26953125
2015-09-18,1958.030029296875,21920.830078125,18070.2109375
2015-09-24,1932.239990234375,21095.98046875,17571.830078125
2015-09-25,1931.3399658203125,21186.3203125,17880.509765625
2015-09-29,1884.0899658203125,20556.599609375,16930.83984375
2015-09-30,1920.030029296875,20846.30078125,17388.150390625
2015-10-02,1951.3599853515625,21506.08984375,17725.130859375
2015-10-05,1987.050048828125,21854.5,18005.490234375
2015-10-06,1979.9200439453125,21831.619140625,18186.099609375
2015-10-07,1995.8299560546875,22515.759765625,18322.98046875
2015-10-08,2013.4300537109375,22354.91015625,18141.169921875
2015-10-09,2014.8900146484375,22458.80078125,18438.669921875
2015-10-13,2003.68994140625,22600.4609375,18234.740234375
2015-10-14,1994.239990234375,22439.91015625,17891.0
2015-10-15,2023.8599853515625,22888.169921875,18096.900390625
2015-10-16,2033.1099853515625,23067.369140625,18291.80078125
2015-10-19,2033.6600341796875,23075.609375,18131.23046875
2015-10-20,2030.77001953125,22989.220703125,18207.150390625
2015-10-22,2052.510009765625,22845.369140625,18435.869140625
2015-10-23,2075.14990234375,23151.939453125,18825.30078125
2015-10-26,2071.179931640625,23116.25,18947.119140625
2015-10-27,2065.889892578125,23142.73046875,18777.0390625
2015-10-28,2090.35009765625,22956.5703125,18903.01953125
2015-10-29,2089.409912109375,22819.939453125,18935.7109375
2015-10-30,2079.360107421875,22640.0390625,19083.099609375
2015-11-02,2104.050048828125,22370.0390625,18683.240234375
2015-11-04,2102.31005859375,23053.5703125,18926.91015625
2015-11-05,2099.929931640625,23051.0390625,19116.41015625
2015-11-06,2099.199951171875,22867.330078125,19265.599609375
2015-11-09,2078.580078125,22726.76953125,19642.740234375
2015-11-10,2081.719970703125,22401.69921875,19671.259765625
2015-11-11,2075.0,22352.169921875,19691.390625
2015-11-12,2045.969970703125,22888.919921875,19697.76953125
2015-11-13,2023.0400390625,22396.140625,19596.91015625
2015-11-16,2053.18994140625,22010.8203125,19393.689453125
2015-11-17,2050.43994140625,22264.25,19630.630859375
2015-11-18,2083.580078125,22188.259765625,19649.1796875
2015-11-19,2081.239990234375,22500.220703125,19859.810546875
2015-11-20,2089.169921875,22754.720703125,19879.810546875
2015-11-24,2089.139892578125,22587.630859375,19924.890625
2015-11-25,2088.8701171875,22498.0,19847.580078125
2015-11-27,2090.110107421875,22068.3203125,19883.939453125
2015-11-30,2080.409912109375,21996.419921875,19747.470703125
2015-12-01,2102.6298828125,22381.349609375,20012.400390625
2015-12-02,2079.510009765625,22479.689453125,19938.130859375
2015-12-03,2049.6201171875,22417.009765625,19939.900390625
2015-12-04,2091.68994140625,22235.890625,19504.48046875
2015-12-07,2077.070068359375,22203.220703125,19698.150390625
2015-12-08,2063.590087890625,21905.130859375,19492.599609375
2015-12-09,2047.6199951171875,21803.759765625,19301.0703125
2015-12-10,2052.22998046875,21704.609375,19046.55078125
2015-12-11,2012.3699951171875,21464.05078125,19230.48046875
2015-12-14,2021.93994140625,21309.849609375,18883.419921875
2015-12-15,2043.4100341796875,21274.369140625,18565.900390625
2015-12-16,2073.070068359375,21701.2109375,19049.91015625
2015-12-17,2041.8900146484375,21872.060546875,19353.560546875
2015-12-18,2005.550048828125,21755.560546875,18986.80078125
2015-12-21,2021.1500244140625,21791.6796875,18916.01953125
2015-12-22,2038.969970703125,21830.01953125,18886.69921875
2015-12-24,2060.989990234375,22138.130859375,18789.689453125
2015-12-28,2056.5,21919.619140625,18873.349609375
2015-12-29,2078.360107421875,21999.619140625,18982.23046875
2015-12-30,2063.360107421875,21882.150390625,19033.7109375
2016-01-04,2012.6600341796875,21327.119140625,18450.98046875
2016-01-05,2016.7099609375,21188.720703125,18374.0
2016-01-06,1990.260009765625,20980.810546875,18191.3203125
2016-01-07,1943.0899658203125,20333.33984375,17767.33984375
2016-01-08,1922.030029296875,20453.7109375,17697.9609375
2016-01-12,1938.6800537109375,19711.759765625,17218.9609375
2016-01-13,1890.280029296875,19934.880859375,17715.630859375
2016-01-14,1921.8399658203125,19817.41015625,17240.94921875
2016-01-15,1880.3299560546875,19520.76953125,17147.109375
2016-01-19,1881.3299560546875,19635.810546875,17048.369140625
2016-01-20,1859.3299560546875,18886.30078125,16416.189453125
2016-01-21,1868.989990234375,18542.150390625,16017.259765625
2016-01-22,1906.9000244140625,19080.509765625,16958.529296875
2016-01-25,1877.0799560546875,19340.140625,17110.91015625
2016-01-26,1903.6300048828125,18860.80078125,16708.900390625
2016-01-27,1882.949951171875,19052.44921875,17163.919921875
2016-01-28,1893.3599853515625,19195.830078125,17041.44921875
2016-01-29,1940.239990234375,19683.109375,17518.30078125
2016-02-01,1939.3800048828125,19595.5,17865.23046875
2016-02-02,1903.030029296875,19446.83984375,17750.6796875
2016-02-03,1912.530029296875,18991.58984375,17191.25
2016-02-04,1915.449951171875,19183.08984375,17044.990234375
2016-02-05,1880.050048828125,19288.169921875,16819.58984375
2016-02-12,1864.780029296875,18319.580078125,14952.6103515625
2016-02-16,1895.5799560546875,19122.080078125,16054.4296875
2016-02-17,1926.8199462890625,18924.5703125,15836.3603515625
2016-02-18,1917.8299560546875,19363.080078125,16196.7998046875
2016-02-19,1917.780029296875,19285.5,15967.169921875
2016-02-22,1945.5,19464.08984375,16111.0498046875
2016-02-23,1921.27001953125,19414.779296875,16052.0498046875
2016-02-24,1929.800048828125,19192.44921875,15915.7900390625
2016-02-25,1951.699951171875,18888.75,16140.33984375
2016-02-26,1948.050048828125,19364.150390625,16188.41015625
2016-02-29,1932.22998046875,19111.9296875,16026.759765625
2016-03-01,1978.3499755859375,19407.4609375,16085.509765625
2016-03-02,1986.449951171875,20003.490234375,16746.55078125
2016-03-03,1993.4000244140625,19941.759765625,16960.16015625
2016-03-04,1999.989990234375,20176.69921875,17014.779296875
2016-03-07,2001.760009765625,20159.720703125,16911.3203125
2016-03-08,1979.260009765625,20011.580078125,16783.150390625
2016-03-09,1989.260009765625,19996.259765625,16642.19921875
2016-03-10,1989.5699462890625,19984.419921875,16852.349609375
2016-03-11,2022.18994140625,20199.599609375,16938.869140625
2016-03-14,2019.6400146484375,20435.33984375,17233.75
2016-03-15,2015.9300537109375,20288.76953125,17117.0703125
2016-03-16,2027.219970703125,20257.69921875,16974.44921875
2016-03-17,2040.5899658203125,20503.810546875,16936.380859375
2016-03-18,2049.580078125,20671.630859375,16724.810546875
2016-03-22,2049.800048828125,20666.75,17048.55078125
2016-03-23,2036.7099609375,20615.23046875,17000.98046875
2016-03-24,2035.93994140625,20345.609375,16892.330078125
2016-03-29,2055.010009765625,20366.30078125,17103.529296875
2016-03-30,2063.949951171875,20803.390625,16878.9609375
2016-03-31,2059.739990234375,20776.69921875,16758.669921875
2016-04-01,2072.780029296875,20498.919921875,16164.16015625
2016-04-05,2045.1700439453125,20177.0,15732.8203125
2016-04-06,2066.659912109375,20206.669921875,15715.3603515625
2016-04-07,2041.9100341796875,20266.05078125,15749.83984375
2016-04-08,2047.5999755859375,20370.400390625,15821.51953125
2016-04-11,2041.989990234375,20440.810546875,15751.1298828125
2016-04-12,2061.719970703125,20504.439453125,15928.7900390625
2016-04-13,2082.419921875,21158.7109375,16381.2197265625
2016-04-14,2082.780029296875,21337.810546875,16911.05078125
2016-04-15,2080.72998046875,21316.470703125,16848.029296875
2016-04-18,2094.340087890625,21161.5,16275.9501953125
2016-04-19,2100.800048828125,21436.2109375,16874.439453125
2016-04-20,2102.39990234375,21236.310546875,16906.5390625
2016-04-21,2091.47998046875,21622.25,17363.619140625
2016-04-22,2091.580078125,21467.0390625,17572.490234375
2016-04-25,2087.7900390625,21304.439453125,17439.30078125
2016-04-26,2091.699951171875,21407.26953125,17353.279296875
2016-04-27,2095.14990234375,21361.599609375,17290.490234375
2016-04-28,2075.81005859375,21388.029296875,16666.05078125
2016-05-06,2057.139892578125,20109.869140625,16106.7197265625
2016-05-09,2058.68994140625,20156.810546875,16216.0302734375
2016-05-10,2084.389892578125,20242.6796875,16565.189453125
2016-05-11,2064.4599609375,20055.2890625,16579.009765625
2016-05-12,2064.110107421875,19915.4609375,16646.33984375
2016-05-13,2046.6099853515625,19719.2890625,16412.2109375
2016-05-16,2066.659912109375,19883.94921875,16466.400390625
2016-05-17,2047.2099609375,20118.80078125,16652.80078125
2016-05-18,2047.6300048828125,19826.41015625,16644.689453125
2016-05-19,2040.0400390625,19694.330078125,16646.66015625
2016-05-20,2052.320068359375,19852.19921875,16736.349609375
2016-05-23,2048.0400390625,19809.029296875,16654.599609375
2016-05-24,2076.06005859375,19830.4296875,16498.759765625
2016-05-25,2090.5400390625,20368.05078125,16757.349609375
2016-05-26,2090.10009765625,20397.109375,16772.4609375
2016-05-27,2099.06005859375,20576.76953125,16834.83984375
2016-05-31,2096.949951171875,20815.08984375,17234.98046875
2016-06-01,2099.330078125,20760.98046875,16955.73046875
2016-06-02,2105.260009765625,20859.220703125,16562.55078125
2016-06-03,2099.1298828125,20947.240234375,16642.23046875
2016-06-06,2109.409912109375,21030.220703125,16580.029296875
2016-06-07,2112.1298828125,21328.240234375,16675.44921875
2016-06-08,2119.1201171875,21297.880859375,16830.919921875
2016-06-10,2096.070068359375,21042.640625,16601.359375
2016-06-13,2079.06005859375,20512.990234375,16019.1796875
2016-06-14,2075.320068359375,20387.529296875,15859.0
2016-06-15,2071.5,20467.51953125,15919.580078125
2016-06-16,2077.989990234375,20038.419921875,15434.1396484375
2016-06-17,2071.219970703125,20169.98046875,15599.66015625
2016-06-20,2083.25,20510.19921875,15965.2998046875
2016-06-21,2088.89990234375,20668.439453125,16169.1103515625
2016-06-22,2085.449951171875,20795.119140625,16065.7197265625
2016-06-23,2113.320068359375,20868.33984375,16238.349609375
2016-06-24,2037.4100341796875,20259.130859375,14952.01953125
2016-06-27,2000.5400390625,20227.30078125,15309.2099609375
2016-06-28,2036.0899658203125,20172.4609375,15323.1396484375
2016-06-29,2070.77001953125,20436.119140625,15566.830078125
2016-06-30,2098.860107421875,20794.369140625,15575.919921875
2016-07-05,2088.550048828125,20750.720703125,15669.330078125
2016-07-06,2099.72998046875,20495.2890625,15378.990234375
2016-07-07,2097.89990234375,20706.919921875,15276.240234375
2016-07-08,2129.89990234375,20564.169921875,15106.98046875
2016-07-11,2137.159912109375,20880.5,15708.8203125
2016-07-12,2152.139892578125,21224.740234375,16095.650390625
2016-07-13,2152.429931640625,21322.369140625,16231.4296875
2016-07-14,2163.75,21561.060546875,16385.890625
2016-07-15,2161.739990234375,21659.25,16497.849609375
2016-07-19,2163.780029296875,21673.19921875,16723.310546875
2016-07-20,2173.02001953125,21882.48046875,16681.890625
2016-07-21,2165.169921875,22000.490234375,16810.220703125
2016-07-22,2175.030029296875,21964.26953125,16627.25
2016-07-25,2168.47998046875,21993.439453125,16620.2890625
2016-07-26,2169.179931640625,22129.73046875,16383.0400390625
2016-07-27,2166.580078125,22218.990234375,16664.8203125
2016-07-28,2170.06005859375,22174.33984375,16476.83984375
2016-07-29,2173.60009765625,21891.369140625,16569.26953125
2016-08-01,2170.840087890625,22129.140625,16635.76953125
2016-08-03,2163.7900390625,21739.119140625,16083.1103515625
2016-08-04,2164.25,21832.23046875,16254.8896484375
2016-08-05,2182.8701171875,22146.08984375,16254.4501953125
2016-08-08,2180.889892578125,22494.759765625,16650.5703125
2016-08-09,2181.739990234375,22465.609375,16764.970703125
2016-08-10,2175.489990234375,22492.4296875,16735.119140625
2016-08-12,2184.050048828125,22766.91015625,16919.919921875
2016-08-15,2190.14990234375,22932.509765625,16869.560546875
2016-08-16,2178.14990234375,22910.83984375,16596.509765625
2016-08-17,2182.219970703125,22799.779296875,16745.640625
2016-08-18,2187.02001953125,23023.16015625,16486.009765625
2016-08-19,2183.8701171875,22937.220703125,16545.8203125
2016-08-22,2182.639892578125,22997.91015625,16598.189453125
2016-08-23,2186.89990234375,22998.9296875,16497.359375
2016-08-24,2175.43994140625,22820.779296875,16597.30078125
2016-08-25,2172.469970703125,22814.94921875,16555.94921875
2016-08-26,2169.0400390625,22909.5390625,16360.7099609375
2016-08-29,2180.3798828125,22821.33984375,16737.490234375
2016-08-30,2176.1201171875,23016.109375,16725.359375
2016-08-31,2170.949951171875,22976.880859375,16887.400390625
2016-09-01,2170.860107421875,23162.33984375,16926.83984375
2016-09-02,2179.97998046875,23266.69921875,16925.6796875
2016-09-06,2186.47998046875,23787.6796875,17081.98046875
2016-09-07,2186.159912109375,23741.810546875,17012.439453125
2016-09-08,2181.300048828125,23919.33984375,16958.76953125
2016-09-09,2127.81005859375,24099.69921875,16965.759765625
2016-09-12,2159.0400390625,23290.599609375,16672.919921875
2016-09-13,2127.02001953125,23215.759765625,16729.0390625
2016-09-14,2125.77001953125,23190.640625,16614.240234375
2016-09-15,2147.260009765625,23335.58984375,16405.009765625
2016-09-20,2139.760009765625,23530.859375,16492.150390625
2016-09-21,2163.1201171875,23669.900390625,16807.619140625
2016-09-23,2164.68994140625,23686.48046875,16754.01953125
2016-09-26,2146.10009765625,23317.919921875,16544.560546875
2016-09-27,2159.929931640625,23571.900390625,16683.9296875
2016-09-28,2171.3701171875,23619.650390625,16465.400390625
2016-09-29,2151.1298828125,23739.470703125,16693.7109375
2016-09-30,2168.27001953125,23297.150390625,16449.83984375
2016-10-03,2161.199951171875,23584.4296875,16598.669921875
2016-10-04,2150.489990234375,23689.439453125,16735.650390625
2016-10-05,2159.72998046875,23788.310546875,16819.240234375
2016-10-06,2160.77001953125,23952.5,16899.099609375
2016-10-07,2153.739990234375,23851.8203125,16860.08984375
2016-10-11,2136.72998046875,23549.51953125,17024.759765625
2016-10-12,2139.179931640625,23407.05078125,16840.0
2016-10-13,2132.550048828125,23031.30078125,16774.240234375
2016-10-14,2132.97998046875,23233.310546875,16856.369140625
2016-10-17,2126.5,23037.5390625,16900.119140625
2016-10-18,2139.60009765625,23394.390625,16963.609375
2016-10-19,2144.2900390625,23304.970703125,16998.91015625
2016-10-20,2141.340087890625,23374.400390625,17235.5
2016-10-24,2151.330078125,23604.080078125,17234.419921875
2016-10-25,2143.159912109375,23565.109375,17365.25
2016-10-26,2139.429931640625,23325.4296875,17391.83984375
2016-10-27,2133.0400390625,23132.349609375,17336.419921875
2016-10-28,2126.409912109375,22954.810546875,17446.41015625
2016-10-31,2126.14990234375,22934.5390625,17425.01953125
2016-11-01,2111.719970703125,23147.0703125,17442.400390625
2016-11-02,2097.93994140625,22810.5,17134.6796875
2016-11-04,2085.179931640625,22642.619140625,16905.359375
2016-11-07,2131.52001953125,22801.400390625,17177.2109375
2016-11-08,2139.56005859375,22909.470703125,17171.380859375
2016-11-09,2163.260009765625,22415.189453125,16251.5400390625
2016-11-10,2167.47998046875,22839.109375,17344.419921875
2016-11-11,2164.449951171875,22531.08984375,17374.7890625
2016-11-14,2164.199951171875,22222.220703125,17672.619140625
2016-11-15,2180.389892578125,22323.91015625,17668.150390625
2016-11-16,2176.93994140625,22280.529296875,17862.2109375
2016-11-17,2187.1201171875,22262.880859375,17862.630859375
2016-11-18,2181.89990234375,22344.2109375,17967.41015625
2016-11-21,2198.179931640625,22357.779296875,18106.01953125
2016-11-22,2202.93994140625,22678.0703125,18162.939453125
2016-11-25,2213.35009765625,22723.44921875,18381.220703125
2016-11-28,2201.719970703125,22830.5703125,18356.890625
2016-11-29,2204.659912109375,22737.0703125,18307.0390625
2016-11-30,2198.81005859375,22789.76953125,18308.48046875
2016-12-01,2191.080078125,22878.23046875,18513.119140625
2016-12-02,2191.949951171875,22564.8203125,18426.080078125
2016-12-05,2204.7099609375,22505.55078125,18274.990234375
2016-12-06,2212.22998046875,22675.150390625,18360.5390625
2016-12-07,2241.35009765625,22800.919921875,18496.689453125
2016-12-08,2246.18994140625,22861.83984375,18765.470703125
2016-12-09,2259.530029296875,22760.98046875,18996.369140625
2016-12-12,2256.9599609375,22433.01953125,19155.029296875
2016-12-13,2271.719970703125,22446.69921875,19250.51953125
2016-12-14,2253.280029296875,22456.619140625,19253.609375
2016-12-15,2262.030029296875,22059.400390625,19273.7890625
2016-12-16,2258.070068359375,22020.75,19401.150390625
2016-12-19,2262.530029296875,21832.6796875,19391.599609375
2016-12-20,2270.760009765625,21729.060546875,19494.529296875
2016-12-21,2265.179931640625,21809.80078125,19444.490234375
2016-12-22,2260.9599609375,21636.19921875,19427.669921875
2016-12-28,2249.919921875,21754.740234375,19401.720703125
2016-12-29,2249.260009765625,21790.91015625,19145.140625
2016-12-30,2238.830078125,22000.560546875,19114.369140625
2017-01-04,2270.75,22134.470703125,19594.16015625
2017-01-05,2269.0,22456.689453125,19520.689453125
2017-01-06,2276.97998046875,22503.009765625,19454.330078125
2017-01-10,2268.89990234375,22744.849609375,19301.439453125
2017-01-11,2275.320068359375,22935.349609375,19364.669921875
2017-01-12,2270.43994140625,22829.01953125,19134.69921875
2017-01-13,2274.639892578125,22937.380859375,19287.279296875
2017-01-17,2267.889892578125,22840.970703125,18813.529296875
2017-01-18,2271.889892578125,23098.259765625,18894.369140625
2017-01-19,2263.68994140625,23049.9609375,19072.25
2017-01-20,2271.31005859375,22885.91015625,19137.91015625
2017-01-23,2265.199951171875,22898.51953125,18891.029296875
2017-01-24,2280.070068359375,22949.859375,18787.990234375
2017-01-25,2298.3701171875,23049.119140625,19057.5
2017-01-26,2296.679931640625,23374.169921875,19402.390625
2017-01-27,2294.68994140625,23360.779296875,19467.400390625
2017-02-01,2279.550048828125,23318.390625,19148.080078125
2017-02-02,2280.85009765625,23184.51953125,18914.580078125
2017-02-03,2297.419921875,23129.2109375,18918.19921875
2017-02-06,2292.56005859375,23348.240234375,18976.7109375
2017-02-07,2293.080078125,23331.5703125,18910.779296875
2017-02-08,2294.669921875,23485.130859375,19007.599609375
2017-02-09,2307.8701171875,23525.140625,18907.669921875
2017-02-10,2316.10009765625,23574.98046875,19378.9296875
2017-02-13,2328.25,23710.98046875,19459.150390625
2017-02-14,2337.580078125,23703.009765625,19238.98046875
2017-02-15,2349.25,23994.869140625,19437.98046875
2017-02-16,2347.219970703125,24107.69921875,19347.529296875
2017-02-17,2351.159912109375,24033.740234375,19234.619140625
2017-02-21,2365.3798828125,23963.630859375,19381.439453125
2017-02-22,2362.820068359375,24201.9609375,19379.869140625
2017-02-23,2363.81005859375,24114.859375,19371.4609375
2017-02-24,2367.340087890625,23965.69921875,19283.5390625
2017-02-27,2369.75,23925.05078125,19107.470703125
2017-02-28,2363.639892578125,23740.73046875,19118.990234375
2017-03-01,2395.9599609375,23776.490234375,19393.5390625
2017-03-02,2381.919921875,23728.0703125,19564.80078125
2017-03-03,2383.1201171875,23552.720703125,19469.169921875
2017-03-06,2375.31005859375,23596.279296875,19379.140625
2017-03-07,2368.389892578125,23681.0703125,19344.150390625
2017-03-08,2362.97998046875,23782.26953125,19254.029296875
2017-03-09,2364.8701171875,23501.560546875,19318.580078125
2017-03-10,2372.60009765625,23568.669921875,19604.609375
2017-03-13,2373.469970703125,23829.669921875,19633.75
2017-03-14,2365.449951171875,23827.94921875,19609.5
2017-03-15,2385.260009765625,23792.849609375,19577.380859375
2017-03-16,2381.3798828125,24288.279296875,19590.140625
2017-03-17,2378.25,24309.9296875,19521.58984375
2017-03-21,2344.02001953125,24593.119140625,19455.880859375
2017-03-22,2348.449951171875,24320.41015625,19041.380859375
2017-03-23,2345.9599609375,24327.69921875,19085.310546875
2017-03-24,2343.97998046875,24358.26953125,19262.529296875
2017-03-27,2341.590087890625,24193.69921875,18985.58984375
2017-03-28,2358.570068359375,24345.869140625,19202.869140625
2017-03-29,2361.1298828125,24392.05078125,19217.48046875
2017-03-30,2368.06005859375,24301.08984375,19063.220703125
2017-03-31,2362.719970703125,24111.58984375,18909.259765625
2017-04-03,2358.840087890625,24261.48046875,18983.23046875
2017-04-05,2352.949951171875,24400.80078125,18861.26953125
2017-04-06,2357.489990234375,24273.720703125,18597.060546875
2017-04-07,2355.5400390625,24267.30078125,18664.630859375
2017-04-10,2357.159912109375,24262.1796875,18797.880859375
2017-04-11,2353.780029296875,24088.4609375,18747.869140625
2017-04-12,2344.929931640625,24313.5,18552.609375
2017-04-13,2328.949951171875,24261.66015625,18426.83984375
2017-04-18,2342.18994140625,23924.5390625,18418.58984375
2017-04-19,2338.169921875,23825.880859375,18432.19921875
2017-04-20,2355.840087890625,24056.98046875,18430.490234375
2017-04-21,2348.68994140625,24042.01953125,18620.75
2017-04-24,2374.14990234375,24139.48046875,18875.880859375
2017-04-25,2388.610107421875,24455.939453125,19079.330078125
2017-04-26,2387.449951171875,24578.4296875,19289.4296875
2017-04-27,2388.77001953125,24698.48046875,19251.869140625
2017-04-28,2384.199951171875,24615.130859375,19196.740234375
2017-05-02,2391.169921875,24696.130859375,19445.69921875
2017-05-08,2399.3798828125,24577.91015625,19895.69921875
2017-05-09,2396.919921875,24889.029296875,19843.0
2017-05-10,2399.6298828125,25015.419921875,19900.08984375
2017-05-11,2394.43994140625,25125.55078125,19961.55078125
2017-05-12,2390.89990234375,25156.33984375,19883.900390625
2017-05-15,2402.320068359375,25371.58984375,19869.849609375
2017-05-16,2400.669921875,25335.939453125,19919.8203125
2017-05-17,2357.030029296875,25293.630859375,19814.880859375
2017-05-18,2365.719970703125,25136.51953125,19553.859375
2017-05-19,2381.72998046875,25174.869140625,19590.759765625
2017-05-22,2394.02001953125,25391.33984375,19678.279296875
2017-05-23,2398.419921875,25403.150390625,19613.279296875
2017-05-24,2404.389892578125,25428.5,19742.98046875
2017-05-25,2415.070068359375,25630.779296875,19813.130859375
2017-05-26,2415.820068359375,25639.26953125,19686.83984375
2017-05-31,2411.800048828125,25660.650390625,19650.5703125
2017-06-01,2430.06005859375,25809.220703125,19860.029296875
2017-06-02,2439.070068359375,25924.05078125,20177.279296875
2017-06-05,2436.10009765625,25862.990234375,20170.8203125
2017-06-06,2429.330078125,25997.140625,19979.900390625
2017-06-07,2433.139892578125,25974.16015625,19984.619140625
2017-06-08,2433.7900390625,26063.060546875,19909.259765625
2017-06-09,2431.77001953125,26030.2890625,20013.259765625
2017-06-12,2429.389892578125,25708.0390625,19908.580078125
2017-06-13,2440.35009765625,25852.099609375,19898.75
2017-06-14,2437.919921875,25875.900390625,19883.51953125
2017-06-15,2432.4599609375,25565.33984375,19831.8203125
2017-06-16,2433.14990234375,25626.490234375,19943.259765625
2017-06-19,2453.4599609375,25924.55078125,20067.75
2017-06-20,2437.030029296875,25843.0390625,20230.41015625
2017-06-21,2435.610107421875,25694.580078125,20138.7890625
2017-06-22,2434.5,25674.529296875,20110.509765625
2017-06-23,2438.300048828125,25670.05078125,20132.669921875
2017-06-26,2439.070068359375,25871.890625,20153.349609375
2017-06-27,2419.3798828125,25839.990234375,20225.08984375
2017-06-28,2440.68994140625,25683.5,20130.41015625
2017-06-29,2419.699951171875,25965.419921875,20220.30078125
2017-06-30,2423.409912109375,25764.580078125,20033.4296875
2017-07-03,2429.010009765625,25784.169921875,20055.80078125
2017-07-05,2432.5400390625,25521.970703125,20081.630859375
2017-07-06,2409.75,25465.220703125,19994.060546875
2017-07-07,2425.179931640625,25340.849609375,19929.08984375
2017-07-10,2427.429931640625,25500.060546875,20080.98046875
2017-07-11,2425.530029296875,25877.640625,20195.48046875
2017-07-12,2443.25,26043.640625,20098.380859375
2017-07-13,2447.830078125,26346.169921875,20099.810546875
2017-07-14,2459.27001953125,26389.23046875,20118.859375
2017-07-18,2460.610107421875,26524.939453125,19999.91015625
2017-07-19,2473.830078125,26672.16015625,20020.859375
2017-07-20,2473.449951171875,26740.2109375,20144.58984375
2017-07-21,2472.5400390625,26706.08984375,20099.75
2017-07-24,2469.909912109375,26846.830078125,19975.669921875
2017-07-25,2477.1298828125,26852.05078125,19955.19921875
2017-07-26,2477.830078125,26941.01953125,20050.16015625
2017-07-27,2475.419921875,27131.169921875,20079.640625
2017-07-28,2472.10009765625,26979.390625,19959.83984375
2017-07-31,2470.300048828125,27323.990234375,19925.1796875
2017-08-01,2476.35009765625,27540.23046875,19985.7890625
2017-08-02,2477.570068359375,27607.380859375,20080.0390625
2017-08-03,2472.159912109375,27531.009765625,20029.259765625
2017-08-04,2476.830078125,27562.6796875,19952.330078125
2017-08-07,2480.909912109375,27690.359375,20055.890625
2017-08-08,2474.919921875,27854.91015625,19996.009765625
2017-08-09,2474.02001953125,27757.08984375,19738.7109375
2017-08-10,2438.2099609375,27444.0,19729.740234375
2017-08-14,2465.840087890625,27250.23046875,19537.099609375
2017-08-15,2464.610107421875,27174.9609375,19753.310546875
2017-08-16,2468.110107421875,27409.0703125,19729.279296875
2017-08-17,2430.010009765625,27344.220703125,19702.630859375
2017-08-18,2425.550048828125,27047.5703125,19470.41015625
2017-08-21,2428.3701171875,27154.6796875,19393.130859375
2017-08-22,2452.510009765625,27401.669921875,19383.83984375
2017-08-24,2438.969970703125,27518.599609375,19353.76953125
2017-08-25,2443.050048828125,27848.16015625,19452.609375
2017-08-28,2444.239990234375,27863.2890625,19449.900390625
2017-08-29,2446.300048828125,27765.009765625,19362.55078125
2017-08-30,2457.590087890625,28094.609375,19506.5390625
2017-08-31,2471.64990234375,27970.30078125,19646.240234375
2017-09-01,2476.550048828125,27953.16015625,19691.470703125
2017-09-05,2457.85009765625,27741.349609375,19385.810546875
2017-09-06,2465.5400390625,27613.759765625,19357.970703125
2017-09-07,2465.10009765625,27522.919921875,19396.51953125
2017-09-08,2461.429931640625,27668.470703125,19274.8203125
2017-09-11,2488.110107421875,27955.130859375,19545.76953125
2017-09-12,2496.47998046875,27972.240234375,19776.619140625
2017-09-13,2498.3701171875,27894.080078125,19865.8203125
2017-09-14,2495.6201171875,27777.19921875,19807.439453125
2017-09-15,2500.22998046875,27807.58984375,19909.5
2017-09-19,2506.64990234375,28051.41015625,20299.380859375
2017-09-20,2508.239990234375,28127.80078125,20310.4609375
2017-09-21,2500.60009765625,28110.330078125,20347.48046875
2017-09-22,2502.219970703125,27880.529296875,20296.44921875
2017-09-25,2496.659912109375,27500.33984375,20397.580078125
2017-09-26,2496.840087890625,27513.009765625,20330.189453125
2017-09-27,2507.0400390625,27642.4296875,20267.05078125
2017-09-28,2510.06005859375,27421.599609375,20363.109375
2017-09-29,2519.360107421875,27554.30078125,20356.279296875
2017-10-03,2534.580078125,28173.2109375,20614.0703125
2017-10-04,2537.739990234375,28379.1796875,20626.66015625
2017-10-06,2549.330078125,28458.0390625,20690.7109375
2017-10-10,2550.639892578125,28490.830078125,20823.509765625
2017-10-11,2555.239990234375,28389.5703125,20881.26953125
2017-10-12,2550.929931640625,28459.029296875,20954.720703125
2017-10-13,2553.169921875,28476.4296875,21155.1796875
2017-10-16,2557.639892578125,28692.80078125,21255.560546875
2017-10-17,2559.360107421875,28697.490234375,21336.119140625
2017-10-18,2561.260009765625,28711.759765625,21363.05078125
2017-10-19,2562.10009765625,28159.08984375,21448.51953125
2017-10-20,2575.2099609375,28487.240234375,21457.640625
2017-10-23,2564.97998046875,28305.880859375,21696.650390625
2017-10-24,2569.1298828125,28154.970703125,21805.169921875
2017-10-25,2557.14990234375,28302.890625,21707.619140625
2017-10-26,2560.39990234375,28202.380859375,21739.779296875
2017-10-27,2581.070068359375,28438.849609375,22008.44921875
2017-10-30,2572.830078125,28336.189453125,22011.669921875
2017-10-31,2575.260009765625,28245.5390625,22011.609375
2017-11-01,2579.360107421875,28594.060546875,22420.080078125
2017-11-02,2579.85009765625,28518.640625,22539.119140625
2017-11-06,2591.1298828125,28596.80078125,22548.349609375
2017-11-07,2590.639892578125,28994.33984375,22937.599609375
2017-11-08,2594.3798828125,28907.599609375,22913.8203125
2017-11-09,2584.6201171875,29136.5703125,22868.7109375
2017-11-10,2582.300048828125,29120.919921875,22681.419921875
2017-11-13,2584.840087890625,29182.1796875,22380.990234375
2017-11-14,2578.8701171875,29152.119140625,22380.009765625
2017-11-15,2564.6201171875,28851.689453125,22028.3203125
2017-11-16,2585.639892578125,29018.759765625,22351.119140625
2017-11-17,2578.85009765625,29199.0390625,22396.80078125
2017-11-20,2582.139892578125,29260.310546875,22261.759765625
2017-11-21,2599.030029296875,29818.0703125,22416.48046875
2017-11-22,2597.080078125,30003.490234375,22523.150390625
2017-11-24,2602.419921875,29866.3203125,22550.849609375
2017-11-27,2601.419921875,29686.189453125,22495.990234375
2017-11-28,2627.0400390625,29680.849609375,22486.240234375
2017-11-29,2626.070068359375,29623.830078125,22597.19921875
2017-11-30,2647.580078125,29177.349609375,22724.9609375
2017-12-01,2642.219970703125,29074.240234375,22819.029296875
2017-12-04,2639.43994140625,29138.279296875,22707.16015625
2017-12-05,2629.570068359375,28842.80078125,22622.380859375
2017-12-06,2629.27001953125,28224.80078125,22177.0390625
2017-12-07,2636.97998046875,28303.189453125,22498.029296875
2017-12-08,2651.5,28639.849609375,22811.080078125
2017-12-11,2659.989990234375,28965.2890625,22938.73046875
2017-12-12,2664.110107421875,28793.880859375,22866.169921875
2017-12-13,2662.85009765625,29222.099609375,22758.0703125
2017-12-14,2652.010009765625,29166.380859375,22694.44921875
2017-12-15,2675.81005859375,28848.109375,22553.220703125
2017-12-18,2690.159912109375,29050.41015625,22901.76953125
2017-12-19,2681.469970703125,29253.66015625,22868.0
2017-12-20,2679.25,29234.08984375,22891.720703125
2017-12-21,2684.570068359375,29367.060546875,22866.099609375
2017-12-22,2683.340087890625,29578.009765625,22902.759765625
2017-12-27,2682.6201171875,29597.66015625,22911.2109375
2017-12-28,2687.5400390625,29863.7109375,22783.98046875
2017-12-29,2673.610107421875,29919.150390625,22764.939453125
2018-01-04,2723.989990234375,30736.48046875,23506.330078125
2018-01-05,2743.14990234375,30814.640625,23714.529296875
2018-01-09,2751.2900390625,31011.41015625,23849.990234375
2018-01-10,2748.22998046875,31073.720703125,23788.19921875
2018-01-11,2767.56005859375,31120.390625,23710.4296875
2018-01-12,2786.239990234375,31412.5390625,23653.8203125
2018-01-16,2776.419921875,31904.75,23951.810546875
2018-01-17,2802.56005859375,31983.41015625,23868.33984375
2018-01-18,2798.030029296875,32121.939453125,23763.369140625
2018-01-19,2810.300048828125,32254.890625,23808.060546875
2018-01-22,2832.969970703125,32393.41015625,23816.330078125
2018-01-23,2839.1298828125,32930.69921875,24124.150390625
2018-01-24,2837.5400390625,32958.69140625,23940.779296875
2018-01-25,2839.25,32654.44921875,23669.490234375
2018-01-26,2872.8701171875,33154.12109375,23631.880859375
2018-01-29,2853.530029296875,32966.890625,23629.33984375
2018-01-30,2822.429931640625,32607.2890625,23291.970703125
2018-01-31,2823.81005859375,32887.26953125,23098.2890625
2018-02-01,2821.97998046875,32642.08984375,23486.109375
2018-02-02,2762.1298828125,32601.779296875,23274.529296875
2018-02-05,2648.93994140625,32245.220703125,22682.080078125
2018-02-06,2695.139892578125,30595.419921875,21610.240234375
2018-02-07,2681.659912109375,30323.19921875,21645.369140625
2018-02-08,2581.0,30451.26953125,21890.859375
2018-02-09,2619.550048828125,29507.419921875,21382.619140625
2018-02-13,2662.93994140625,29839.529296875,21244.6796875
2018-02-14,2698.6298828125,30515.599609375,21154.169921875
2018-02-15,2731.199951171875,31115.4296875,21464.98046875
2018-02-20,2716.260009765625,30873.630859375,21925.099609375
2018-02-21,2701.330078125,31431.890625,21970.810546875
2018-02-22,2703.9599609375,30965.6796875,21736.439453125
2018-02-23,2747.300048828125,31267.169921875,21892.779296875
2018-02-26,2779.60009765625,31498.599609375,22153.630859375
2018-02-27,2744.280029296875,31268.66015625,22389.859375
2018-02-28,2713.830078125,30844.720703125,22068.240234375
2018-03-01,2677.669921875,31044.25,21724.470703125
2018-03-02,2691.25,30583.44921875,21181.640625
2018-03-05,2720.93994140625,29886.390625,21042.08984375
2018-03-06,2728.1201171875,30510.73046875,21417.759765625
2018-03-07,2726.800048828125,30196.919921875,21252.720703125
2018-03-08,2738.969970703125,30654.51953125,21368.0703125
2018-03-09,2786.570068359375,30996.2109375,21469.19921875
2018-03-12,2783.02001953125,31594.330078125,21824.029296875
2018-03-13,2765.31005859375,31601.44921875,21968.099609375
2018-03-14,2749.47998046875,31435.009765625,21777.2890625
2018-03-15,2747.330078125,31541.099609375,21803.94921875
2018-03-16,2752.010009765625,31501.970703125,21676.509765625
2018-03-19,2712.919921875,31513.759765625,21480.900390625
2018-03-20,2716.93994140625,31549.9296875,21380.970703125
2018-03-22,2643.68994140625,31071.05078125,21591.990234375
2018-03-23,2588.260009765625,30309.2890625,20617.859375
2018-03-26,2658.550048828125,30548.76953125,20766.099609375
2018-03-27,2612.6201171875,30790.830078125,21317.3203125
2018-03-28,2605.0,30022.529296875,21031.310546875
2018-03-29,2640.8701171875,30093.380859375,21159.080078125
2018-04-03,2614.449951171875,30180.099609375,21292.2890625
2018-04-04,2644.68994140625,29518.689453125,21319.55078125
2018-04-06,2604.469970703125,29844.939453125,21567.51953125
2018-04-09,2613.159912109375,30229.580078125,21678.259765625
2018-04-10,2656.8701171875,30728.740234375,21794.3203125
2018-04-11,2642.18994140625,30897.7109375,21687.099609375
2018-04-12,2663.989990234375,30831.279296875,21660.279296875
2018-04-13,2656.300048828125,30808.380859375,21778.740234375
2018-04-16,2677.840087890625,30315.58984375,21835.529296875
2018-04-17,2706.389892578125,30062.75,21847.58984375
2018-04-18,2708.639892578125,30284.25,22158.19921875
2018-04-19,2693.1298828125,30708.439453125,22191.1796875
2018-04-20,2670.139892578125,30418.330078125,22162.240234375
2018-04-23,2670.2900390625,30254.400390625,22088.0390625
2018-04-24,2634.56005859375,30636.240234375,22278.119140625
2018-04-25,2639.39990234375,30328.150390625,22215.3203125
2018-04-26,2666.93994140625,30007.6796875,22319.609375
2018-04-27,2669.909912109375,30280.669921875,22467.869140625
2018-05-02,2635.669921875,30723.880859375,22472.779296875
2018-05-07,2672.6298828125,29994.259765625,22467.16015625
2018-05-08,2671.919921875,30402.810546875,22508.689453125
2018-05-09,2697.7900390625,30536.140625,22408.880859375
2018-05-10,2723.070068359375,30809.220703125,22497.1796875
2018-05-11,2727.719970703125,31122.060546875,22758.48046875
2018-05-14,2730.1298828125,31541.080078125,22865.859375
2018-05-15,2711.449951171875,31152.029296875,22818.01953125
2018-05-16,2722.4599609375,31110.19921875,22717.23046875
2018-05-17,2720.1298828125,30942.150390625,22838.369140625
2018-05-18,2712.969970703125,31047.91015625,22930.359375
2018-05-21,2733.010009765625,31234.349609375,23002.369140625
2018-05-23,2733.2900390625,30665.640625,22689.740234375
2018-05-24,2727.760009765625,30760.41015625,22437.009765625
2018-05-25,2721.330078125,30588.0390625,22450.7890625
2018-05-29,2689.860107421875,30484.580078125,22358.4296875
2018-05-30,2724.010009765625,30056.7890625,22018.51953125
2018-05-31,2705.27001953125,30468.560546875,22201.8203125
2018-06-01,2734.6201171875,30492.91015625,22171.349609375
2018-06-04,2746.8701171875,30997.98046875,22475.939453125
2018-06-05,2748.800048828125,31093.44921875,22539.5390625
2018-06-06,2772.35009765625,31259.099609375,22625.73046875
2018-06-07,2770.3701171875,31512.630859375,22823.259765625
2018-06-08,2779.030029296875,30958.2109375,22694.5
2018-06-11,2782.0,31063.69921875,22804.0390625
2018-06-12,2786.85009765625,31103.060546875,22878.349609375
2018-06-13,2775.6298828125,30725.150390625,22966.380859375
2018-06-14,2782.489990234375,30440.169921875,22738.609375
2018-06-15,2779.659912109375,30309.490234375,22851.75
2018-06-19,2762.590087890625,29468.150390625,22278.48046875
2018-06-20,2767.320068359375,29696.169921875,22555.4296875
2018-06-21,2749.760009765625,29296.05078125,22693.0390625
2018-06-22,2754.8798828125,29338.69921875,22516.830078125
2018-06-25,2717.070068359375,28961.390625,22338.150390625
2018-06-26,2723.06005859375,28881.400390625,22342.0
2018-06-27,2699.6298828125,28356.259765625,22271.76953125
2018-06-28,2716.31005859375,28497.3203125,22270.390625
2018-06-29,2718.3701171875,28955.109375,22304.509765625
2018-07-03,2713.219970703125,28545.5703125,21785.5390625
2018-07-05,2736.610107421875,28182.08984375,21546.990234375
2018-07-06,2759.820068359375,28315.619140625,21788.140625
2018-07-09,2784.169921875,28688.5,22052.1796875
2018-07-10,2793.840087890625,28682.25,22196.890625
2018-07-11,2774.02001953125,28311.689453125,21932.2109375
2018-07-12,2798.2900390625,28480.830078125,22187.9609375
2018-07-13,2801.31005859375,28525.439453125,22597.349609375
2018-07-16,2798.429931640625,28539.66015625,22597.349609375
2018-07-17,2809.550048828125,28181.6796875,22697.359375
2018-07-18,2815.6201171875,28117.419921875,22794.189453125
2018-07-19,2804.489990234375,28010.859375,22764.6796875
2018-07-20,2801.830078125,28224.48046875,22697.880859375
2018-07-23,2806.97998046875,28256.119140625,22396.990234375
2018-07-24,2820.39990234375,28662.5703125,22510.48046875
2018-07-25,2846.070068359375,28920.900390625,22614.25
2018-07-26,2837.43994140625,28781.140625,22586.869140625
2018-07-27,2818.820068359375,28804.279296875,22712.75
2018-07-30,2802.60009765625,28733.130859375,22544.83984375
2018-07-31,2816.2900390625,28583.009765625,22553.720703125
2018-08-01,2813.360107421875,28340.740234375,22746.69921875
2018-08-02,2827.219970703125,27714.560546875,22512.529296875
2018-08-03,2840.35009765625,27676.3203125,22525.1796875
2018-08-06,2850.39990234375,27819.560546875,22507.3203125
2018-08-07,2858.449951171875,28248.880859375,22662.740234375
2018-08-08,2857.699951171875,28359.140625,22644.310546875
2018-08-09,2853.580078125,28607.30078125,22598.390625
2018-08-10,2833.280029296875,28366.619140625,22298.080078125
2018-08-13,2821.929931640625,27936.5703125,21857.4296875
2018-08-14,2839.9599609375,27752.9296875,22356.080078125
2018-08-15,2818.3701171875,27323.58984375,22204.220703125
2018-08-16,2840.68994140625,27100.060546875,22192.0390625
2018-08-17,2850.1298828125,27213.41015625,22270.380859375
2018-08-20,2857.050048828125,27598.01953125,22199.0
2018-08-21,2862.9599609375,27752.7890625,22219.73046875
2018-08-22,2861.820068359375,27927.580078125,22362.55078125
2018-08-23,2856.97998046875,27790.4609375,22410.8203125
2018-08-24,2874.68994140625,27671.869140625,22601.76953125
2018-08-27,2896.739990234375,28271.26953125,22799.640625
2018-08-28,2897.52001953125,28351.619140625,22813.470703125
2018-08-29,2914.0400390625,28416.439453125,22848.220703125
2018-08-30,2901.1298828125,28164.05078125,22869.5
2018-08-31,2901.52001953125,27888.55078125,22865.150390625
2018-09-04,2896.719970703125,27973.33984375,22696.900390625
2018-09-05,2888.60009765625,27243.849609375,22580.830078125
2018-09-06,2878.050048828125,26974.8203125,22487.939453125
2018-09-07,2871.679931640625,26973.470703125,22307.060546875
2018-09-10,2877.1298828125,26613.419921875,22373.08984375
2018-09-11,2887.889892578125,26422.55078125,22664.689453125
2018-09-12,2888.919921875,26345.0390625,22604.609375
2018-09-13,2904.179931640625,27014.490234375,22821.3203125
2018-09-14,2904.97998046875,27286.41015625,23094.669921875
2018-09-18,2904.31005859375,27084.66015625,23420.5390625
2018-09-19,2907.949951171875,27407.369140625,23672.51953125
2018-09-20,2930.75,27477.669921875,23674.9296875
2018-09-21,2929.669921875,27953.580078125,23869.9296875
2018-09-26,2905.969970703125,27816.869140625,24033.7890625
2018-09-27,2914.0,27715.669921875,23796.740234375
2018-09-28,2913.97998046875,27788.51953125,24120.0390625
2018-10-02,2923.429931640625,27126.380859375,24270.619140625
2018-10-03,2925.510009765625,27091.259765625,24110.9609375
2018-10-04,2901.610107421875,26623.869140625,23975.619140625
2018-10-05,2885.570068359375,26572.5703125,23783.720703125
2018-10-09,2880.340087890625,26172.91015625,23469.390625
2018-10-10,2785.679931640625,26193.0703125,23506.0390625
2018-10-11,2728.3701171875,25266.369140625,22590.859375
2018-10-12,2767.1298828125,25801.490234375,22694.66015625
2018-10-15,2750.7900390625,25445.060546875,22271.30078125
2018-10-16,2809.919921875,25462.259765625,22549.240234375
2018-10-18,2768.780029296875,25454.55078125,22658.16015625
2018-10-19,2767.780029296875,25561.400390625,22532.080078125
2018-10-22,2755.8798828125,26153.150390625,22614.8203125
2018-10-23,2740.68994140625,25346.55078125,22010.779296875
2018-10-24,2656.10009765625,25249.779296875,22091.1796875
2018-10-25,2705.570068359375,24994.4609375,21268.73046875
2018-10-26,2658.68994140625,24717.630859375,21184.599609375
2018-10-29,2641.25,24812.0390625,21149.80078125
2018-10-30,2682.6298828125,24585.529296875,21457.2890625
2018-10-31,2711.739990234375,24979.689453125,21920.4609375
2018-11-01,2740.3701171875,25416.0,21687.650390625
2018-11-02,2723.06005859375,26486.349609375,22243.66015625
2018-11-05,2738.31005859375,25934.390625,21898.990234375
2018-11-06,2755.449951171875,26120.9609375,22147.75
2018-11-07,2813.889892578125,26147.689453125,22085.80078125
2018-11-08,2806.830078125,26227.720703125,22486.919921875
2018-11-09,2781.010009765625,25601.919921875,22250.25
2018-11-12,2726.219970703125,25633.1796875,22269.880859375
2018-11-13,2722.179931640625,25792.869140625,21810.51953125
2018-11-14,2701.580078125,25654.4296875,21846.48046875
2018-11-15,2730.199951171875,26103.33984375,21803.619140625
2018-11-16,2736.27001953125,26183.529296875,21680.33984375
2018-11-19,2690.72998046875,26372.0,21821.16015625
2018-11-20,2641.889892578125,25840.33984375,21583.119140625
2018-11-21,2649.929931640625,25971.470703125,21507.5390625
2018-11-26,2673.449951171875,26376.1796875,21812.0
2018-11-27,2682.169921875,26331.9609375,21952.400390625
2018-11-28,2743.7900390625,26682.560546875,22177.01953125
2018-11-29,2737.800048828125,26451.029296875,22262.599609375
2018-11-30,2760.169921875,26506.75,22351.060546875
2018-12-03,2790.3701171875,27182.0390625,22574.759765625
2018-12-04,2700.06005859375,27260.439453125,22036.05078125
2018-12-06,2695.949951171875,26156.380859375,21501.619140625
2018-12-07,2633.080078125,26063.759765625,21678.6796875
2018-12-10,2637.719970703125,25752.380859375,21219.5
2018-12-11,2636.780029296875,25771.669921875,21148.01953125
2018-12-12,2651.070068359375,26186.7109375,21602.75
2018-12-13,2650.5400390625,26524.349609375,21816.189453125
2018-12-14,2599.949951171875,26094.7890625,21374.830078125
2018-12-17,2545.93994140625,26087.98046875,21506.880859375
2018-12-18,2546.159912109375,25814.25,21115.44921875
2018-12-19,2506.9599609375,25865.390625,20987.919921875
2018-12-20,2467.419921875,25623.529296875,20392.580078125
2018-12-21,2416.6201171875,25753.419921875,20166.189453125
2018-12-27,2488.830078125,25478.880859375,20077.619140625
2018-12-28,2485.739990234375,25504.19921875,20014.76953125
2019-01-04,2531.93994140625,25626.029296875,19561.9609375
2019-01-07,2549.68994140625,25835.69921875,20038.970703125
2019-01-08,2574.409912109375,25875.44921875,20204.0390625
2019-01-09,2584.9599609375,26462.3203125,20427.060546875
2019-01-10,2596.639892578125,26521.4296875,20163.80078125
2019-01-11,2596.260009765625,26667.26953125,20359.69921875
2019-01-15,2610.300048828125,26830.2890625,20555.2890625
2019-01-16,2616.10009765625,26902.099609375,20442.75
2019-01-17,2635.9599609375,26755.630859375,20402.26953125
2019-01-18,2670.7099609375,27090.810546875,20666.0703125
2019-01-22,2632.89990234375,27005.44921875,20622.91015625
2019-01-23,2638.699951171875,27008.19921875,20593.720703125
2019-01-24,2642.330078125,27120.98046875,20574.630859375
2019-01-25,2664.760009765625,27569.189453125,20773.560546875
2019-01-28,2643.85009765625,27576.9609375,20649.0
2019-01-29,2640.0,27531.6796875,20664.640625
2019-01-30,2681.050048828125,27642.849609375,20556.5390625
2019-01-31,2704.10009765625,27942.470703125,20773.490234375
2019-02-01,2706.530029296875,27930.740234375,20788.390625
2019-02-04,2724.8701171875,27990.2109375,20883.76953125
2019-02-08,2707.8798828125,27946.3203125,20333.169921875
2019-02-12,2744.72998046875,28171.330078125,20864.2109375
2019-02-13,2753.030029296875,28497.58984375,21144.48046875
2019-02-14,2745.72998046875,28432.05078125,21139.7109375
2019-02-15,2775.60009765625,27900.83984375,20900.630859375
2019-02-19,2779.760009765625,28228.130859375,21302.650390625
2019-02-20,2784.699951171875,28514.05078125,21431.490234375
2019-02-21,2774.8798828125,28629.919921875,21464.23046875
2019-02-22,2792.669921875,28816.30078125,21425.509765625
2019-02-25,2796.110107421875,28959.30078125,21528.23046875
2019-02-26,2793.89990234375,28772.060546875,21449.390625
2019-02-27,2792.3798828125,28757.439453125,21556.509765625
2019-02-28,2784.489990234375,28633.1796875,21385.16015625
2019-03-01,2803.68994140625,28812.169921875,21602.689453125
2019-03-04,2792.81005859375,28959.58984375,21822.0390625
2019-03-05,2789.64990234375,28961.599609375,21726.279296875
2019-03-06,2771.449951171875,29037.599609375,21596.810546875
2019-03-07,2748.929931640625,28779.44921875,21456.009765625
2019-03-08,2743.070068359375,28228.419921875,21025.560546875
2019-03-11,2783.300048828125,28503.30078125,21125.08984375
2019-03-12,2791.52001953125,28920.869140625,21503.689453125
2019-03-13,2810.919921875,28807.44921875,21290.240234375
2019-03-14,2808.47998046875,28851.390625,21287.01953125
2019-03-15,2822.47998046875,29012.259765625,21450.849609375
2019-03-18,2832.93994140625,29409.009765625,21584.5
2019-03-19,2832.570068359375,29466.279296875,21566.849609375
2019-03-20,2824.22998046875,29320.970703125,21608.919921875
2019-03-22,2800.7099609375,29113.359375,21627.33984375
2019-03-25,2798.360107421875,28523.349609375,20977.109375
2019-03-26,2818.4599609375,28566.91015625,21428.390625
2019-03-27,2805.3701171875,28728.25,21378.73046875
2019-03-28,2815.43994140625,28775.2109375,21033.759765625
2019-03-29,2834.39990234375,29051.359375,21205.810546875
2019-04-01,2867.18994140625,29562.01953125,21509.029296875
2019-04-02,2867.239990234375,29624.669921875,21505.310546875
2019-04-03,2873.39990234375,29986.390625,21713.2109375
2019-04-04,2879.389892578125,29936.3203125,21724.94921875
2019-04-08,2895.77001953125,30077.150390625,21761.650390625
2019-04-09,2878.199951171875,30157.490234375,21802.58984375
2019-04-10,2888.2099609375,30119.560546875,21687.5703125
2019-04-11,2888.320068359375,29839.44921875,21711.380859375
2019-04-12,2907.409912109375,29909.759765625,21870.560546875
2019-04-15,2905.580078125,29810.720703125,22169.109375
2019-04-16,2907.06005859375,30129.869140625,22221.66015625
2019-04-17,2900.449951171875,30124.6796875,22277.970703125
2019-04-18,2905.030029296875,29963.259765625,22090.119140625
2019-04-23,2933.679931640625,29963.240234375,22259.740234375
2019-04-24,2927.25,29805.830078125,22200.0
2019-04-25,2926.169921875,29549.80078125,22307.580078125
2019-04-26,2939.8798828125,29605.009765625,22258.73046875
2019-05-07,2884.050048828125,29363.01953125,21923.720703125
2019-05-08,2879.419921875,29003.19921875,21602.58984375
2019-05-09,2870.719970703125,28311.0703125,21402.130859375
2019-05-10,2881.39990234375,28550.240234375,21344.919921875
2019-05-14,2834.409912109375,28122.01953125,21067.23046875
2019-05-15,2850.9599609375,28268.7109375,21188.560546875
2019-05-16,2876.320068359375,28275.0703125,21062.98046875
2019-05-17,2859.530029296875,27946.4609375,21250.08984375
2019-05-20,2840.22998046875,27787.609375,21301.73046875
2019-05-21,2864.360107421875,27657.240234375,21272.44921875
2019-05-22,2856.27001953125,27705.939453125,21283.369140625
2019-05-23,2822.239990234375,27267.130859375,21151.140625
2019-05-24,2826.06005859375,27353.9296875,21117.220703125
2019-05-28,2802.389892578125,27390.810546875,21260.140625
2019-05-29,2783.02001953125,27235.7109375,21003.369140625
2019-05-30,2788.860107421875,27114.880859375,20942.529296875
2019-05-31,2752.06005859375,26901.08984375,20601.189453125
2019-06-03,2744.449951171875,26893.859375,20410.880859375
2019-06-04,2803.27001953125,26761.51953125,20408.5390625
2019-06-05,2826.14990234375,26895.439453125,20776.099609375
2019-06-06,2843.489990234375,26965.279296875,20774.0390625
2019-06-10,2886.72998046875,27578.640625,21134.419921875
2019-06-11,2885.719970703125,27789.33984375,21204.279296875
2019-06-12,2879.840087890625,27308.4609375,21129.720703125
2019-06-13,2891.639892578125,27294.7109375,21032.0
2019-06-14,2886.97998046875,27118.349609375,21116.890625
2019-06-17,2889.669921875,27227.16015625,21124.0
2019-06-18,2917.75,27498.76953125,20972.7109375
2019-06-19,2926.4599609375,28202.140625,21333.869140625
2019-06-20,2954.179931640625,28550.4296875,21462.859375
2019-06-21,2950.4599609375,28473.7109375,21258.640625
2019-06-24,2945.35009765625,28513.0,21285.990234375
2019-06-25,2917.3798828125,28185.98046875,21193.810546875
2019-06-26,2913.780029296875,28221.98046875,21086.58984375
2019-06-27,2924.919921875,28621.419921875,21338.169921875
2019-06-28,2941.760009765625,28542.619140625,21275.919921875
2019-07-02,2973.010009765625,28875.560546875,21754.26953125
2019-07-03,2995.820068359375,28855.140625,21638.16015625
2019-07-05,2990.409912109375,28774.830078125,21746.380859375
2019-07-08,2975.949951171875,28331.689453125,21534.349609375
2019-07-09,2979.6298828125,28116.279296875,21565.150390625
2019-07-10,2993.070068359375,28204.689453125,21533.48046875
2019-07-11,2999.909912109375,28431.80078125,21643.529296875
2019-07-12,3013.77001953125,28471.619140625,21685.900390625
2019-07-16,3004.0400390625,28619.619140625,21535.25
2019-07-17,2984.419921875,28593.169921875,21469.1796875
2019-07-18,2995.110107421875,28461.66015625,21046.240234375
2019-07-19,2976.610107421875,28765.400390625,21466.990234375
2019-07-22,2985.030029296875,28371.259765625,21416.7890625
2019-07-23,3005.469970703125,28466.48046875,21620.880859375
2019-07-24,3019.56005859375,28524.0390625,21709.5703125
2019-07-25,3003.669921875,28594.30078125,21756.55078125
2019-07-26,3025.860107421875,28397.740234375,21658.150390625
2019-07-29,3020.969970703125,28106.41015625,21616.80078125
2019-07-30,3013.179931640625,28146.5,21709.310546875
2019-07-31,2980.3798828125,27777.75,21521.529296875
2019-08-01,2953.56005859375,27565.69921875,21540.990234375
2019-08-02,2932.050048828125,26918.580078125,21087.16015625
2019-08-05,2844.739990234375,26151.3203125,20720.2890625
2019-08-06,2881.77001953125,25976.240234375,20585.310546875
2019-08-07,2883.97998046875,25997.029296875,20516.560546875
2019-08-08,2938.090087890625,26120.76953125,20593.349609375
2019-08-09,2918.64990234375,25939.30078125,20684.8203125
2019-08-13,2926.320068359375,25281.30078125,20455.439453125
2019-08-14,2840.60009765625,25302.279296875,20655.130859375
2019-08-15,2847.60009765625,25495.4609375,20405.650390625
2019-08-16,2888.679931640625,25734.220703125,20418.810546875
2019-08-19,2923.64990234375,26291.83984375,20563.16015625
2019-08-20,2900.510009765625,26231.5390625,20677.220703125
2019-08-21,2924.429931640625,26270.0390625,20618.5703125
2019-08-22,2922.949951171875,26048.720703125,20628.009765625
2019-08-23,2847.110107421875,26179.330078125,20710.91015625
2019-08-26,2878.3798828125,25680.330078125,20261.0390625
2019-08-27,2869.159912109375,25664.0703125,20456.080078125
2019-08-28,2887.93994140625,25615.48046875,20479.419921875
2019-08-29,2924.580078125,25703.5,20460.9296875
2019-08-30,2926.4599609375,25724.73046875,20704.369140625
2019-09-03,2906.27001953125,25527.849609375,20625.16015625
2019-09-04,2937.780029296875,26523.23046875,20649.140625
2019-09-05,2976.0,26515.529296875,21085.939453125
2019-09-06,2978.7099609375,26690.759765625,21199.5703125
2019-09-09,2978.429931640625,26681.400390625,21318.419921875
2019-09-10,2979.389892578125,26683.6796875,21392.099609375
2019-09-11,3000.929931640625,27159.060546875,21597.759765625
2019-09-12,3009.570068359375,27087.630859375,21759.609375
2019-09-13,3007.389892578125,27352.689453125,21988.2890625
2019-09-17,3005.699951171875,26790.240234375,22001.3203125
2019-09-18,3006.72998046875,26754.119140625,21960.7109375
2019-09-19,3006.7900390625,26468.94921875,22044.44921875
2019-09-20,2992.070068359375,26435.669921875,22079.08984375
2019-09-24,2966.60009765625,26281.0,22098.83984375
2019-09-25,2984.8701171875,25945.349609375,22020.150390625
2019-09-26,2977.6201171875,26041.9296875,22048.240234375
2019-09-27,2961.7900390625,25954.810546875,21878.900390625
2019-09-30,2976.739990234375,26092.26953125,21755.83984375
2019-10-02,2887.610107421875,26042.689453125,21778.609375
2019-10-03,2910.6298828125,26110.310546875,21341.740234375
2019-10-04,2952.010009765625,25821.029296875,21410.19921875
2019-10-08,2893.06005859375,25893.400390625,21587.779296875
2019-10-09,2919.39990234375,25682.810546875,21456.380859375
2019-10-10,2938.1298828125,25707.9296875,21551.98046875
2019-10-11,2970.27001953125,26308.439453125,21798.869140625
2019-10-15,2995.679931640625,26503.9296875,22207.2109375
2019-10-16,2989.68994140625,26664.279296875,22472.919921875
2019-10-17,2997.949951171875,26848.490234375,22451.859375
2019-10-18,2986.199951171875,26719.580078125,22492.6796875
2019-10-21,3006.719970703125,26725.6796875,22548.900390625
2019-10-23,3004.52001953125,26566.73046875,22625.380859375
2019-10-24,3010.2900390625,26797.94921875,22750.599609375
2019-10-25,3022.550048828125,26667.390625,22799.810546875
2019-10-28,3039.419921875,26891.259765625,22867.26953125
2019-10-29,3036.889892578125,26786.759765625,22974.130859375
2019-10-30,3046.77001953125,26667.7109375,22843.119140625
2019-10-31,3037.56005859375,26906.720703125,22927.0390625
2019-11-01,3066.909912109375,27100.759765625,22850.76953125
2019-11-05,3074.6201171875,27683.400390625,23251.990234375
2019-11-06,3076.780029296875,27688.640625,23303.8203125
2019-11-07,3085.179931640625,27847.23046875,23330.3203125
2019-11-08,3093.080078125,27651.140625,23391.869140625
2019-11-11,3087.010009765625,26926.55078125,23331.83984375
2019-11-12,3091.840087890625,27065.279296875,23520.009765625
2019-11-13,3094.0400390625,26571.4609375,23319.869140625
2019-11-14,3096.6298828125,26323.689453125,23141.55078125
2019-11-15,3120.4599609375,26326.66015625,23303.3203125
2019-11-18,3122.030029296875,26681.08984375,23416.759765625
2019-11-19,3120.179931640625,27093.80078125,23292.650390625
2019-11-20,3108.4599609375,26889.609375,23148.5703125
2019-11-21,3103.5400390625,26466.880859375,23038.580078125
2019-11-22,3110.2900390625,26595.080078125,23112.880859375
2019-11-25,3133.639892578125,26993.0390625,23292.810546875
2019-11-26,3140.52001953125,26913.919921875,23373.3203125
2019-11-27,3153.6298828125,26954.0,23437.76953125
2019-11-29,3140.97998046875,26346.490234375,23293.91015625
2019-12-02,3113.8701171875,26444.720703125,23529.5
2019-12-03,3093.199951171875,26391.30078125,23379.810546875
2019-12-04,3112.760009765625,26062.560546875,23135.23046875
2019-12-05,3117.429931640625,26217.0390625,23300.08984375
2019-12-06,3145.909912109375,26498.369140625,23354.400390625
2019-12-09,3135.9599609375,26494.73046875,23430.69921875
2019-12-10,3132.52001953125,26436.619140625,23410.189453125
2019-12-11,3141.6298828125,26645.4296875,23391.859375
2019-12-12,3168.570068359375,26994.140625,23424.810546875
2019-12-13,3168.800048828125,27687.759765625,24023.099609375
2019-12-16,3191.449951171875,27508.08984375,23952.349609375
2019-12-17,3192.52001953125,27843.7109375,24066.119140625
2019-12-18,3191.139892578125,27884.2109375,23934.4296875
2019-12-19,3205.3701171875,27800.490234375,23864.849609375
2019-12-20,3221.219970703125,27871.349609375,23816.630859375
2019-12-23,3224.010009765625,27906.41015625,23821.109375
2019-12-24,3223.3798828125,27864.2109375,23830.580078125
2019-12-27,3240.02001953125,28225.419921875,23837.720703125
2019-12-30,3221.2900390625,28319.390625,23656.619140625
2020-01-06,3246.280029296875,28226.189453125,23204.859375
2020-01-07,3237.179931640625,28322.060546875,23575.720703125
2020-01-08,3253.050048828125,28087.919921875,23204.759765625
2020-01-09,3274.699951171875,28561.0,23739.869140625
2020-01-10,3265.35009765625,28638.19921875,23850.5703125
2020-01-14,3283.14990234375,28885.140625,24025.169921875
2020-01-15,3289.2900390625,28773.58984375,23916.580078125
2020-01-16,3316.81005859375,28883.0390625,23933.130859375
2020-01-17,3329.6201171875,29056.419921875,24041.259765625
2020-01-21,3320.7900390625,27985.330078125,23864.560546875
2020-01-22,3321.75,28341.0390625,24031.349609375
2020-01-23,3325.5400390625,27909.119140625,23795.439453125
2020-01-24,3295.469970703125,27949.640625,23827.1796875
2020-01-29,3273.39990234375,27160.630859375,23379.400390625
2020-01-30,3283.659912109375,26449.130859375,22977.75
2020-01-31,3225.52001953125,26312.630859375,23205.1796875
2020-02-03,3248.919921875,26356.98046875,22971.939453125
2020-02-04,3297.590087890625,26675.98046875,23084.58984375
2020-02-05,3334.68994140625,26786.740234375,23319.560546875
2020-02-06,3345.780029296875,27493.69921875,23873.58984375
2020-02-07,3327.7099609375,27404.26953125,23827.98046875
2020-02-10,3352.090087890625,27241.33984375,23685.98046875
2020-02-12,3379.449951171875,27823.66015625,23861.2109375
2020-02-13,3373.93994140625,27730.0,23827.73046875
2020-02-14,3380.159912109375,27815.599609375,23687.58984375
2020-02-18,3370.2900390625,27530.19921875,23193.80078125
2020-02-19,3386.14990234375,27655.810546875,23400.69921875
2020-02-20,3373.22998046875,27609.16015625,23479.150390625
2020-02-21,3337.75,27308.810546875,23386.740234375
2020-02-25,3128.2099609375,26893.23046875,22605.41015625
2020-02-26,3116.389892578125,26696.490234375,22426.189453125
2020-02-27,2978.760009765625,26778.619140625,21948.23046875
2020-02-28,2954.219970703125,26129.9296875,21142.9609375
2020-03-02,3090.22998046875,26291.6796875,21344.080078125
2020-03-03,3003.3701171875,26284.8203125,21082.73046875
2020-03-04,3130.1201171875,26222.0703125,21100.060546875
2020-03-05,3023.93994140625,26767.869140625,21329.119140625
2020-03-06,2972.3701171875,26146.669921875,20749.75
2020-03-09,2746.56005859375,25040.4609375,19698.759765625
2020-03-10,2882.22998046875,25392.509765625,19867.119140625
2020-03-11,2741.3798828125,25231.609375,19416.060546875
2020-03-12,2480.639892578125,24309.0703125,18559.630859375
2020-03-13,2711.02001953125,24032.91015625,17431.05078125
2020-03-16,2386.1298828125,23063.5703125,17002.0390625
2020-03-17,2529.18994140625,23263.73046875,17011.529296875
2020-03-18,2398.10009765625,22291.8203125,16726.55078125
2020-03-19,2409.389892578125,21709.130859375,16552.830078125
2020-03-23,2237.39990234375,21696.130859375,16887.779296875
2020-03-24,2447.330078125,22663.490234375,18092.349609375
2020-03-25,2475.56005859375,23527.189453125,19546.630859375
2020-03-26,2630.070068359375,23352.33984375,18664.599609375
2020-03-27,2541.469970703125,23484.279296875,19389.4296875
2020-03-30,2626.64990234375,23175.109375,19084.970703125
2020-03-31,2584.590087890625,23603.48046875,18917.009765625
2020-04-01,2470.5,23085.7890625,18065.41015625
2020-04-02,2526.89990234375,23280.060546875,17818.720703125
2020-04-03,2488.64990234375,23236.109375,17820.189453125
2020-04-06,2663.679931640625,23749.119140625,18576.30078125
2020-04-07,2659.409912109375,24253.2890625,18950.1796875
2020-04-08,2749.97998046875,23970.369140625,19353.240234375
2020-04-09,2789.820068359375,24300.330078125,19345.76953125
2020-04-14,2846.06005859375,24435.400390625,19638.810546875
2020-04-15,2783.360107421875,24145.33984375,19550.08984375
2020-04-16,2799.550048828125,24006.44921875,19290.19921875
2020-04-17,2874.56005859375,24380.0,19897.259765625
2020-04-20,2823.159912109375,24330.01953125,19669.119140625
2020-04-21,2736.56005859375,23793.55078125,19280.779296875
2020-04-22,2799.31005859375,23893.359375,19137.94921875
2020-04-23,2797.800048828125,23977.3203125,19429.439453125
2020-04-24,2836.739990234375,23831.330078125,19262.0
2020-04-27,2878.47998046875,24280.140625,19783.220703125
2020-04-28,2863.389892578125,24575.9609375,19771.189453125
2020-05-07,2881.18994140625,23980.630859375,19674.76953125
2020-05-08,2929.800048828125,24230.169921875,20179.08984375
2020-05-11,2930.18994140625,24602.060546875,20390.66015625
2020-05-12,2870.1201171875,24245.6796875,20366.48046875
2020-05-13,2820.0,24180.30078125,20267.05078125
2020-05-14,2852.5,23829.740234375,19914.779296875
2020-05-15,2863.699951171875,23797.470703125,20037.470703125
2020-05-18,2953.909912109375,23934.76953125,20133.73046875
2020-05-19,2922.93994140625,24388.130859375,20433.44921875
2020-05-20,2971.610107421875,24399.94921875,20595.150390625
2020-05-21,2948.510009765625,24280.029296875,20552.310546875
2020-05-22,2955.449951171875,22930.140625,20388.16015625
2020-05-26,2991.77001953125,23384.66015625,21271.169921875
2020-05-27,3036.1298828125,23301.359375,21419.23046875
2020-05-28,3029.72998046875,23132.759765625,21916.310546875
2020-05-29,3044.31005859375,22961.470703125,21877.890625
2020-06-01,3055.72998046875,23732.51953125,22062.390625
2020-06-02,3080.820068359375,23995.939453125,22325.609375
2020-06-03,3122.8701171875,24325.619140625,22613.759765625
2020-06-04,3112.35009765625,24366.30078125,22695.740234375
2020-06-05,3193.929931640625,24770.41015625,22863.73046875
2020-06-08,3232.389892578125,24776.76953125,23178.099609375
2020-06-09,3207.179931640625,25057.220703125,23091.029296875
2020-06-10,3190.139892578125,25049.73046875,23124.94921875
2020-06-11,3002.10009765625,24480.150390625,22472.91015625
2020-06-12,3041.31005859375,24301.380859375,22305.48046875
2020-06-15,3066.590087890625,23776.94921875,21530.94921875
2020-06-16,3124.739990234375,24344.08984375,22582.2109375
2020-06-17,3113.489990234375,24481.41015625,22455.759765625
2020-06-18,3115.340087890625,24464.939453125,22355.4609375
2020-06-19,3097.739990234375,24643.890625,22478.7890625
2020-06-22,3117.860107421875,24511.33984375,22437.26953125
2020-06-23,3131.2900390625,24907.33984375,22549.05078125
2020-06-24,3050.330078125,24781.580078125,22534.3203125
2020-06-26,3009.050048828125,24549.990234375,22512.080078125
2020-06-29,3053.239990234375,24301.279296875,21995.0390625
2020-06-30,3100.2900390625,24427.189453125,22288.140625
2020-07-02,3130.010009765625,25124.189453125,22145.9609375
2020-07-06,3179.719970703125,26339.16015625,22714.439453125
2020-07-07,3145.320068359375,25975.66015625,22614.689453125
2020-07-08,3169.93994140625,26129.1796875,22438.650390625
2020-07-09,3152.050048828125,26210.16015625,22529.2890625
2020-07-10,3185.0400390625,25727.41015625,22290.810546875
2020-07-13,3155.219970703125,25772.119140625,22784.740234375
2020-07-14,3197.52001953125,25477.890625,22587.009765625
2020-07-15,3226.56005859375,25481.580078125,22945.5
2020-07-16,3215.570068359375,24970.689453125,22770.359375
2020-07-17,3224.72998046875,25089.169921875,22696.419921875
2020-07-20,3251.840087890625,25057.990234375,22717.48046875
2020-07-21,3257.300048828125,25635.66015625,22884.220703125
2020-07-22,3276.02001953125,25057.939453125,22751.609375
2020-07-27,3239.409912109375,24603.259765625,22715.849609375
2020-07-28,3218.43994140625,24772.759765625,22657.380859375
2020-07-29,3258.43994140625,24883.140625,22397.109375
2020-07-30,3246.219970703125,24710.58984375,22339.23046875
2020-07-31,3271.1201171875,24595.349609375,21710.0
2020-08-03,3294.610107421875,24458.130859375,22195.380859375
2020-08-04,3306.510009765625,24946.630859375,22573.66015625
2020-08-05,3327.77001953125,25102.5390625,22514.849609375
2020-08-06,3349.159912109375,24930.580078125,22418.150390625
2020-08-07,3351.280029296875,24531.619140625,22329.939453125
2020-08-11,3333.68994140625,24890.6796875,22750.240234375
2020-08-12,3380.35009765625,25244.01953125,22843.9609375
2020-08-13,3373.429931640625,25230.669921875,23249.609375
2020-08-14,3372.85009765625,25183.009765625,23289.359375
2020-08-17,3381.989990234375,25347.33984375,23096.75
2020-08-18,3389.780029296875,25367.380859375,23051.080078125
2020-08-19,3374.85009765625,25178.91015625,23110.609375
2020-08-20,3385.510009765625,24791.390625,22880.619140625
2020-08-21,3397.159912109375,25113.83984375,22920.30078125
2020-08-24,3431.280029296875,25551.580078125,22985.509765625
2020-08-25,3443.6201171875,25486.220703125,23296.76953125
2020-08-26,3478.72998046875,25491.7890625,23290.859375
2020-08-27,3484.550048828125,25281.150390625,23208.859375
2020-08-28,3508.010009765625,25422.060546875,22882.650390625
2020-08-31,3500.31005859375,25177.05078125,23139.759765625
2020-09-01,3526.64990234375,25184.849609375,23138.0703125
2020-09-02,3580.840087890625,25120.08984375,23247.150390625
2020-09-03,3455.06005859375,25007.599609375,23465.529296875
2020-09-04,3426.9599609375,24695.44921875,23205.4296875
2020-09-08,3331.840087890625,24624.33984375,23274.130859375
2020-09-09,3398.9599609375,24468.9296875,23032.5390625
2020-09-10,3339.18994140625,24313.5390625,23235.470703125
2020-09-11,3340.969970703125,24503.310546875,23406.490234375
2020-09-14,3383.5400390625,24640.279296875,23559.30078125
2020-09-15,3401.199951171875,24732.759765625,23454.890625
2020-09-16,3385.489990234375,24725.630859375,23475.529296875
2020-09-17,3357.010009765625,24340.849609375,23319.369140625
2020-09-18,3319.469970703125,24455.41015625,23360.30078125
2020-09-23,3236.919921875,23742.509765625,23346.490234375
2020-09-24,3246.590087890625,23311.0703125,23087.8203125
2020-09-25,3298.4599609375,23235.419921875,23204.619140625
2020-09-28,3351.60009765625,23476.05078125,23511.619140625
2020-09-29,3335.469970703125,23275.529296875,23539.099609375
2020-09-30,3363.0,23459.05078125,23185.119140625
2020-10-05,3408.60009765625,23767.779296875,23312.140625
2020-10-06,3360.969970703125,23980.650390625,23433.73046875
2020-10-07,3419.43994140625,24242.859375,23422.8203125
2020-10-08,3446.830078125,24193.349609375,23647.0703125
2020-10-09,3477.139892578125,24119.130859375,23619.689453125
2020-10-12,3534.219970703125,24649.6796875,23558.689453125
2020-10-14,3488.669921875,24667.08984375,23626.73046875
2020-10-15,3483.340087890625,24158.5390625,23507.23046875
2020-10-16,3483.81005859375,24386.7890625,23410.630859375
2020-10-19,3426.919921875,24542.259765625,23671.130859375
2020-10-20,3443.1201171875,24569.5390625,23567.0390625
2020-10-21,3435.56005859375,24754.419921875,23639.4609375
2020-10-22,3453.489990234375,24786.130859375,23474.26953125
2020-10-23,3465.389892578125,24918.779296875,23516.58984375
2020-10-27,3390.679931640625,24787.189453125,23485.80078125
2020-10-28,3271.030029296875,24708.80078125,23418.509765625
2020-10-29,3310.110107421875,24586.599609375,23331.939453125
2020-10-30,3269.9599609375,24107.419921875,22977.130859375
2020-11-02,3310.239990234375,24460.009765625,23295.48046875
2020-11-04,3443.43994140625,24886.140625,23695.23046875
2020-11-05,3510.449951171875,25695.919921875,24105.279296875
2020-11-06,3509.43994140625,25712.970703125,24325.23046875
2020-11-09,3550.5,26016.169921875,24839.83984375
2020-11-10,3545.530029296875,26301.48046875,24905.58984375
2020-11-11,3572.659912109375,26226.98046875,25349.599609375
2020-11-12,3537.010009765625,26169.380859375,25520.880859375
2020-11-13,3585.14990234375,26156.859375,25385.869140625
2020-11-16,3626.909912109375,26381.669921875,25906.9296875
2020-11-17,3609.530029296875,26415.08984375,26014.619140625
2020-11-18,3567.7900390625,26544.2890625,25728.140625
2020-11-19,3581.8701171875,26356.970703125,25634.33984375
2020-11-20,3557.5400390625,26451.5390625,25527.369140625
2020-11-24,3635.409912109375,26588.19921875,26165.58984375
2020-11-25,3629.64990234375,26669.75,26296.859375
2020-11-27,3638.35009765625,26894.6796875,26644.7109375
2020-11-30,3621.6298828125,26341.490234375,26433.619140625
2020-12-01,3662.449951171875,26567.6796875,26787.5390625
2020-12-02,3669.010009765625,26532.580078125,26800.98046875
2020-12-03,3666.719970703125,26728.5,26809.369140625
2020-12-04,3699.1201171875,26835.919921875,26751.240234375
2020-12-07,3691.9599609375,26506.849609375,26547.439453125
2020-12-08,3702.25,26304.560546875,26467.080078125
2020-12-09,3672.820068359375,26502.83984375,26817.939453125
2020-12-10,3668.10009765625,26410.58984375,26756.240234375
2020-12-11,3663.4599609375,26505.869140625,26652.51953125
2020-12-14,3647.489990234375,26389.51953125,26732.439453125
2020-12-15,3694.6201171875,26207.2890625,26687.83984375
2020-12-16,3701.169921875,26460.2890625,26757.400390625
2020-12-17,3722.47998046875,26678.380859375,26806.669921875
2020-12-18,3709.409912109375,26498.599609375,26763.390625
2020-12-21,3694.919921875,26306.6796875,26714.419921875
2020-12-22,3687.260009765625,26119.25,26436.390625
2020-12-23,3690.010009765625,26343.099609375,26524.7890625
2020-12-24,3703.06005859375,26386.560546875,26668.349609375
2020-12-28,3735.360107421875,26314.630859375,26854.029296875
2020-12-29,3727.0400390625,26568.490234375,27568.150390625
2020-12-30,3732.0400390625,27147.109375,27444.169921875
2021-01-04,3700.64990234375,27472.810546875,27258.380859375
2021-01-05,3726.860107421875,27649.859375,27158.630859375
2021-01-06,3748.139892578125,27692.30078125,27055.939453125
2021-01-07,3803.7900390625,27548.51953125,27490.130859375
2021-01-08,3824.679931640625,27878.220703125,28139.029296875
2021-01-12,3801.18994140625,28276.75,28164.33984375
2021-01-13,3809.840087890625,28235.599609375,28456.58984375
2021-01-14,3795.5400390625,28496.859375,28698.259765625
2021-01-15,3768.25,28573.859375,28519.1796875
2021-01-19,3798.909912109375,29642.279296875,28633.4609375
2021-01-20,3851.85009765625,29962.470703125,28523.259765625
2021-01-21,3853.070068359375,29927.759765625,28756.859375
2021-01-22,3841.469970703125,29447.849609375,28631.44921875
2021-01-25,3855.360107421875,30159.009765625,28822.2890625
2021-01-26,3849.6201171875,29391.259765625,28546.1796875
2021-01-27,3750.77001953125,29297.529296875,28635.2109375
2021-01-28,3787.3798828125,28550.76953125,28197.419921875
2021-01-29,3714.239990234375,28283.7109375,27663.390625
2021-02-01,3773.860107421875,28892.859375,28091.05078125
2021-02-02,3826.31005859375,29248.69921875,28362.169921875
2021-02-03,3830.169921875,29307.4609375,28646.5
2021-02-04,3871.739990234375,29113.5,28341.94921875
2021-02-05,3886.830078125,29288.6796875,28779.189453125
2021-02-08,3915.590087890625,29319.470703125,29388.5
2021-02-09,3911.22998046875,29476.189453125,29505.9296875
2021-02-10,3909.8798828125,30038.720703125,29562.9296875
2021-02-16,3932.590087890625,30746.66015625,30467.75
2021-02-17,3931.330078125,31084.939453125,30292.189453125
2021-02-18,3913.969970703125,30595.26953125,30236.08984375
2021-02-19,3906.7099609375,30644.73046875,30017.919921875
2021-02-22,3876.5,30319.830078125,30156.029296875
2021-02-24,3925.429931640625,29718.240234375,29671.69921875
2021-02-25,3829.340087890625,30074.169921875,30168.26953125
2021-02-26,3811.14990234375,28980.2109375,28966.009765625
2021-03-01,3901.820068359375,29452.5703125,29663.5
2021-03-02,3870.2900390625,29095.859375,29408.169921875
2021-03-03,3819.719970703125,29880.419921875,29559.099609375
2021-03-04,3768.469970703125,29236.7890625,28930.109375
2021-03-05,3841.93994140625,29098.2890625,28864.3203125
2021-03-08,3821.35009765625,28540.830078125,28743.25
2021-03-09,3875.43994140625,28773.23046875,29027.939453125
2021-03-10,3898.81005859375,28907.51953125,29036.560546875
2021-03-11,3939.340087890625,29385.609375,29211.640625
2021-03-12,3943.340087890625,28739.720703125,29717.830078125
2021-03-15,3968.93994140625,28833.759765625,29766.970703125
2021-03-16,3962.7099609375,29027.689453125,29921.08984375
2021-03-17,3974.1201171875,29034.119140625,29914.330078125
2021-03-18,3915.4599609375,29405.720703125,30216.75
2021-03-19,3913.10009765625,28990.939453125,29792.05078125
2021-03-22,3940.590087890625,28885.33984375,29174.150390625
2021-03-23,3910.52001953125,28497.380859375,28995.919921875
2021-03-24,3889.139892578125,27918.140625,28405.51953125
2021-03-25,3909.52001953125,27899.609375,28729.880859375
2021-03-26,3974.5400390625,28336.4296875,29176.69921875
2021-03-29,3971.090087890625,28338.30078125,29384.51953125
2021-03-30,3958.550048828125,28577.5,29432.69921875
2021-03-31,3972.889892578125,28378.349609375,29178.80078125
2021-04-01,4019.8701171875,28938.740234375,29388.869140625
2021-04-07,4079.949951171875,28674.80078125,29730.7890625
2021-04-08,4097.169921875,29008.0703125,29708.98046875
2021-04-09,4128.7998046875,28698.80078125,29768.060546875
2021-04-12,4127.990234375,28453.279296875,29538.73046875
2021-04-13,4141.58984375,28497.25,29751.609375
2021-04-14,4124.66015625,28900.830078125,29620.990234375
2021-04-15,4170.419921875,28793.140625,29642.689453125
2021-04-16,4185.47021484375,28969.7109375,29683.369140625
2021-04-19,4163.259765625,29106.150390625,29685.369140625
2021-04-20,4134.93994140625,29135.73046875,29100.380859375
2021-04-21,4173.419921875,28621.919921875,28508.55078125
2021-04-22,4134.97998046875,28755.33984375,29188.169921875
2021-04-23,4180.169921875,29078.75,29020.630859375
2021-04-26,4187.6201171875,28952.830078125,29126.23046875
2021-04-27,4186.72021484375,28941.5390625,28991.890625
2021-04-28,4183.18017578125,29071.33984375,29053.970703125
2021-04-30,4181.169921875,28724.880859375,28812.630859375
2021-05-06,4201.6201171875,28637.4609375,29331.369140625
2021-05-07,4232.60009765625,28610.650390625,29357.8203125
2021-05-10,4188.43017578125,28595.66015625,29518.33984375
2021-05-11,4152.10009765625,28013.810546875,28608.58984375
2021-05-12,4063.0400390625,28231.0390625,28147.509765625
2021-05-13,4112.5,27718.669921875,27448.009765625
2021-05-14,4173.85009765625,28027.5703125,28084.470703125
2021-05-17,4163.2900390625,28194.08984375,27824.830078125
2021-05-18,4127.830078125,28593.810546875,28406.83984375
2021-05-20,4159.1201171875,28450.2890625,28098.25
2021-05-21,4155.85986328125,28458.439453125,28317.830078125
2021-05-24,4197.0498046875,28412.259765625,28364.609375
2021-05-25,4188.1298828125,28910.859375,28553.98046875
2021-05-26,4195.990234375,29166.009765625,28642.189453125
2021-05-27,4200.8798828125,29113.19921875,28549.009765625
2021-05-28,4204.10986328125,29124.41015625,29149.41015625
2021-06-01,4202.0400390625,29468.0,28814.33984375
2021-06-02,4208.1201171875,29297.619140625,28946.140625
2021-06-03,4192.85009765625,28966.029296875,29058.109375
2021-06-04,4229.89013671875,28918.099609375,28941.51953125
2021-06-07,4226.52001953125,28787.279296875,29019.240234375
2021-06-08,4227.259765625,28781.380859375,28963.560546875
2021-06-09,4219.5498046875,28742.630859375,28860.80078125
2021-06-10,4239.18017578125,28738.880859375,28958.560546875
2021-06-11,4247.43994140625,28842.130859375,28948.73046875
2021-06-15,4246.58984375,28638.529296875,29441.30078125
2021-06-16,4223.7001953125,28436.83984375,29291.009765625
2021-06-17,4221.85986328125,28558.58984375,29018.330078125
2021-06-18,4166.4501953125,28801.26953125,28964.080078125
2021-06-21,4224.7900390625,28489.0,28010.9296875
2021-06-22,4246.43994140625,28309.759765625,28884.130859375
2021-06-23,4241.83984375,28817.0703125,28874.890625
2021-06-24,4266.490234375,28882.4609375,28875.23046875
2021-06-25,4280.7001953125,29288.220703125,29066.1796875
2021-06-28,4290.60986328125,29268.30078125,29048.01953125
2021-06-29,4291.7998046875,28994.099609375,28812.609375
2021-06-30,4297.5,28827.94921875,28791.529296875
2021-07-02,4352.33984375,28310.419921875,28783.279296875
2021-07-06,4343.5400390625,28072.859375,28643.2109375
2021-07-07,4358.1298828125,27960.619140625,28366.94921875
2021-07-08,4320.81982421875,27153.130859375,28118.029296875
2021-07-09,4369.5498046875,27344.5390625,27940.419921875
2021-07-12,4384.6298828125,27515.240234375,28569.01953125
2021-07-13,4369.2099609375,27963.41015625,28718.240234375
2021-07-14,4374.2998046875,27787.4609375,28608.490234375
2021-07-15,4360.02978515625,27996.26953125,28279.08984375
2021-07-16,4327.16015625,28004.6796875,28003.080078125
2021-07-19,4258.490234375,27489.779296875,27652.740234375
2021-07-20,4323.06005859375,27259.25,27388.16015625
2021-07-21,4358.68994140625,27224.580078125,27548.0
2021-07-26,4422.2998046875,26192.3203125,27833.2890625
2021-07-27,4401.4599609375,25086.4296875,27970.220703125
2021-07-28,4400.64013671875,25473.880859375,27581.66015625
2021-07-29,4419.14990234375,26315.3203125,27782.419921875
2021-07-30,4395.259765625,25961.029296875,27283.58984375
2021-08-02,4387.16015625,26235.80078125,27781.01953125
2021-08-03,4423.14990234375,26194.8203125,27641.830078125
2021-08-04,4402.66015625,26426.55078125,27584.080078125
2021-08-05,4429.10009765625,26204.689453125,27728.119140625
2021-08-06,4436.52001953125,26179.400390625,27820.0390625
2021-08-10,4436.75,26605.619140625,27888.150390625
2021-08-11,4442.41015625,26660.16015625,28070.509765625
2021-08-12,4460.830078125,26517.8203125,28015.01953125
2021-08-13,4468.0,26391.619140625,27977.150390625
2021-08-16,4479.7099609375,26181.4609375,27523.189453125
2021-08-17,4448.080078125,25745.869140625,27424.470703125
2021-08-18,4400.27001953125,25867.009765625,27585.91015625
2021-08-19,4405.7998046875,25316.330078125,27281.169921875
2021-08-20,4441.669921875,24849.720703125,27013.25
2021-08-23,4479.52978515625,25109.58984375,27494.240234375
2021-08-24,4486.22998046875,25727.919921875,27732.099609375
2021-08-25,4496.18994140625,25693.94921875,27724.80078125
2021-08-26,4470.0,25415.689453125,27742.2890625
2021-08-27,4509.3701171875,25407.890625,27641.140625
2021-08-30,4528.7900390625,25539.5390625,27789.2890625
2021-08-31,4522.68017578125,25878.990234375,28089.5390625
2021-09-01,4524.08984375,26028.2890625,28451.01953125
2021-09-02,4536.9501953125,26090.4296875,28543.509765625
2021-09-03,4535.43017578125,25901.990234375,29128.109375
2021-09-07,4520.02978515625,26353.630859375,29916.140625
2021-09-08,4514.06982421875,26320.9296875,30181.2109375
2021-09-09,4493.27978515625,25716.0,30008.189453125
2021-09-10,4458.580078125,26205.91015625,30381.83984375
2021-09-13,4468.72998046875,25813.810546875,30447.369140625
2021-09-14,4443.0498046875,25502.23046875,30670.099609375
2021-09-15,4480.7001953125,25033.2109375,30511.7109375
2021-09-16,4473.75,24667.849609375,30323.33984375
2021-09-17,4432.990234375,24920.759765625,30500.05078125
2021-09-21,4354.18994140625,24221.5390625,29839.7109375
2021-09-24,4455.47998046875,24192.16015625,30248.810546875
2021-09-27,4443.10986328125,24208.779296875,30240.060546875
2021-09-28,4352.6298828125,24500.390625,30183.9609375
2021-09-29,4359.4599609375,24663.5,29544.2890625
2021-09-30,4307.5400390625,24575.640625,29452.66015625
2021-10-04,4300.4599609375,24036.369140625,28444.890625
2021-10-05,4345.72021484375,24104.150390625,27822.119140625
2021-10-06,4363.5498046875,23966.490234375,27528.869140625
2021-10-07,4399.759765625,24701.73046875,27678.2109375
2021-10-08,4391.33984375,24837.849609375,28048.939453125
2021-10-11,4361.18994140625,25325.08984375,28498.19921875
2021-10-12,4350.64990234375,24962.58984375,28230.609375
2021-10-15,4471.3701171875,25330.9609375,29068.630859375
2021-10-18,4486.4599609375,25409.75,29025.4609375
2021-10-19,4519.6298828125,25787.2109375,29215.51953125
2021-10-20,4536.18994140625,26136.01953125,29255.55078125
2021-10-21,4549.77978515625,26017.529296875,28708.580078125
2021-10-22,4544.89990234375,26126.9296875,28804.849609375
2021-10-25,4566.47998046875,26132.029296875,28600.41015625
2021-10-26,4574.7900390625,26038.26953125,29106.009765625
2021-10-27,4551.68017578125,25628.740234375,29098.240234375
2021-10-28,4596.419921875,25555.73046875,28820.08984375
2021-10-29,4605.3798828125,25377.240234375,28892.689453125
2021-11-01,4613.669921875,25154.3203125,29647.080078125
2021-11-02,4630.64990234375,25099.669921875,29520.900390625
2021-11-04,4680.06005859375,25225.189453125,29794.369140625
2021-11-05,4697.52978515625,24870.509765625,29611.5703125
2021-11-08,4701.7001953125,24763.76953125,29507.05078125
2021-11-09,4685.25,24813.130859375,29285.4609375
2021-11-10,4646.7099609375,24996.140625,29106.779296875
2021-11-11,4649.27001953125,25247.990234375,29277.859375
2021-11-12,4682.85009765625,25327.970703125,29609.970703125
2021-11-15,4682.7998046875,25390.91015625,29776.80078125
2021-11-16,4700.89990234375,25713.779296875,29808.119140625
2021-11-17,4688.669921875,25650.080078125,29688.330078125
2021-11-18,4704.5400390625,25319.720703125,29598.66015625
2021-11-19,4697.9599609375,25049.970703125,29745.869140625
2021-11-22,4682.93994140625,24951.33984375,29774.109375
2021-11-24,4701.4599609375,24685.5,29302.66015625
2021-11-26,4594.6201171875,24080.51953125,28751.619140625
2021-11-29,4655.27001953125,23852.240234375,28283.919921875
2021-11-30,4567.0,23475.259765625,27821.759765625
2021-12-01,4513.0400390625,23658.919921875,27935.619140625
2021-12-02,4577.10009765625,23788.9296875,27753.369140625
2021-12-03,4538.43017578125,23766.689453125,28029.5703125
2021-12-06,4591.669921875,23349.380859375,27927.369140625
2021-12-07,4686.75,23983.66015625,28455.599609375
2021-12-08,4701.2099609375,23996.869140625,28860.619140625
2021-12-09,4667.4501953125,24254.859375,28725.470703125
2021-12-10,4712.02001953125,23995.720703125,28437.76953125
2021-12-13,4668.97021484375,23954.580078125,28640.490234375
2021-12-14,4634.08984375,23635.94921875,28432.640625
2021-12-15,4709.85009765625,23420.759765625,28459.720703125
2021-12-16,4668.669921875,23475.5,29066.3203125
2021-12-17,4620.64013671875,23192.630859375,28545.6796875
2021-12-20,4568.02001953125,22744.859375,27937.810546875
2021-12-21,4649.22998046875,22971.330078125,28517.58984375
2021-12-22,4696.56005859375,23102.330078125,28562.2109375
2021-12-23,4725.7900390625,23193.640625,28798.369140625
2021-12-28,4786.35009765625,23280.560546875,29069.16015625
2021-12-29,4793.06005859375,23086.5390625,28906.880859375
2021-12-30,4778.72998046875,23112.009765625,28791.7109375
2022-01-04,4793.5400390625,23289.83984375,29301.7890625
2022-01-05,4700.580078125,22907.25,29332.16015625
2022-01-06,4696.0498046875,23072.859375,28487.869140625
2022-01-07,4677.02978515625,23493.380859375,28478.560546875
2022-01-11,4713.06982421875,23739.060546875,28222.48046875
2022-01-12,4726.35009765625,24402.169921875,28765.66015625
2022-01-13,4659.02978515625,24429.76953125,28489.130859375
2022-01-14,4662.85009765625,24383.3203125,28124.279296875
2022-01-18,4577.10986328125,24112.779296875,28257.25
2022-01-19,4532.759765625,24127.849609375,27467.23046875
2022-01-20,4482.72998046875,24952.349609375,27772.9296875
2022-01-21,4397.93994140625,24965.55078125,27522.259765625
2022-01-24,4410.1298828125,24656.4609375,27588.369140625
2022-01-25,4356.4501953125,24243.609375,27131.33984375
2022-01-26,4349.93017578125,24289.900390625,27011.330078125
2022-01-27,4326.509765625,23807.0,26170.30078125
2022-01-28,4431.85009765625,23550.080078125,26717.33984375
2022-01-31,4515.5498046875,23802.259765625,27001.98046875
2022-02-04,4500.52978515625,24573.2890625,27439.990234375
2022-02-07,4483.8701171875,24579.55078125,27248.869140625
2022-02-08,4521.5400390625,24329.490234375,27284.51953125
2022-02-09,4587.18017578125,24829.990234375,27579.869140625
2022-02-10,4504.080078125,24924.349609375,27696.080078125
2022-02-14,4401.669921875,24556.5703125,27079.58984375
2022-02-15,4471.06982421875,24355.7109375,26865.189453125
2022-02-16,4475.009765625,24718.900390625,27460.400390625
2022-02-17,4380.259765625,24792.76953125,27232.869140625
2022-02-18,4348.8701171875,24327.7109375,27122.0703125
2022-02-22,4304.759765625,23520.0,26449.609375
2022-02-24,4288.7001953125,22901.560546875,25970.8203125
2022-02-25,4384.64990234375,22767.1796875,26476.5
2022-02-28,4373.93994140625,22713.01953125,26526.8203125
2022-03-01,4306.259765625,22761.7109375,26844.720703125
2022-03-02,4386.5400390625,22343.919921875,26393.029296875
2022-03-03,4363.490234375,22467.33984375,26577.26953125
2022-03-04,4328.8701171875,21905.2890625,25985.470703125
2022-03-07,4201.08984375,21057.630859375,25221.41015625
2022-03-08,4170.7001953125,20765.869140625,24790.94921875
2022-03-09,4277.8798828125,20627.7109375,24717.529296875
2022-03-10,4259.52001953125,20890.259765625,25690.400390625
2022-03-11,4204.31005859375,20553.7890625,25162.779296875
2022-03-14,4173.10986328125,19531.66015625,25307.849609375
2022-03-15,4262.4501953125,18415.080078125,25346.48046875
2022-03-16,4357.85986328125,20087.5,25762.009765625
2022-03-17,4411.669921875,21501.23046875,26652.890625
2022-03-18,4463.1201171875,21412.400390625,26827.4296875
2022-03-22,4511.60986328125,21889.279296875,27224.109375
2022-03-23,4456.240234375,22154.080078125,28040.16015625
2022-03-24,4520.16015625,21945.94921875,28110.390625
2022-03-25,4543.06005859375,21404.880859375,28149.83984375
2022-03-28,4575.52001953125,21684.970703125,27943.890625
2022-03-29,4631.60009765625,21927.630859375,28252.419921875
2022-03-30,4602.4501953125,22232.029296875,28027.25
2022-03-31,4530.41015625,21996.849609375,27821.4296875
2022-04-01,4545.85986328125,22039.55078125,27665.98046875
2022-04-04,4582.64013671875,22502.310546875,27736.470703125
2022-04-06,4481.14990234375,22080.51953125,27350.30078125
2022-04-07,4500.2099609375,21808.98046875,26888.5703125
2022-04-08,4488.27978515625,21872.009765625,26985.80078125
2022-04-11,4412.52978515625,21208.30078125,26821.51953125
2022-04-12,4397.4501953125,21319.130859375,26334.98046875
2022-04-13,4446.58984375,21374.369140625,26843.490234375
2022-04-14,4392.58984375,21518.080078125,27172.0
2022-04-19,4462.2099609375,21027.759765625,26985.08984375
2022-04-20,4459.4501953125,20944.669921875,27217.849609375
2022-04-21,4393.66015625,20682.220703125,27553.060546875
2022-04-22,4271.77978515625,20638.51953125,27105.259765625
2022-04-25,4296.1201171875,19869.33984375,26590.779296875
2022-04-26,4175.2001953125,19934.7109375,26700.109375
2022-04-27,4183.9599609375,19946.359375,26386.630859375
2022-04-28,4287.5,20276.169921875,26847.900390625
2022-05-06,4123.33984375,20001.9609375,27003.560546875
2022-05-10,4001.050048828125,19633.689453125,26167.099609375
2022-05-11,3935.179931640625,19824.5703125,26213.640625
2022-05-12,3930.080078125,19380.33984375,25748.720703125
2022-05-13,4023.889892578125,19898.76953125,26427.650390625
2022-05-16,4008.010009765625,19950.2109375,26547.05078125
2022-05-17,4088.85009765625,20602.51953125,26659.75
2022-05-18,3923.679931640625,20644.279296875,26911.19921875
2022-05-19,3900.7900390625,20120.6796875,26402.83984375
2022-05-20,3901.360107421875,20717.240234375,26739.029296875
2022-05-23,3973.75,20470.060546875,27001.51953125
2022-05-24,3941.47998046875,20112.099609375,26748.140625
2022-05-25,3978.72998046875,20171.26953125,26677.80078125
2022-05-26,4057.840087890625,20116.19921875,26604.83984375
2022-05-27,4158.240234375,20697.359375,26781.6796875
2022-05-31,4132.14990234375,21415.19921875,27279.80078125
2022-06-01,4101.22998046875,21294.939453125,27457.890625
2022-06-02,4176.81982421875,21082.130859375,27413.880859375
2022-06-06,4121.43017578125,21653.900390625,27915.890625
2022-06-07,4160.68017578125,21531.669921875,27943.94921875
2022-06-08,4115.77001953125,22014.58984375,28234.2890625
2022-06-09,4017.820068359375,21869.05078125,28246.529296875
2022-06-10,3900.860107421875,21806.1796875,27824.2890625
2022-06-13,3749.6298828125,21067.580078125,26987.439453125
2022-06-14,3735.47998046875,21067.990234375,26629.859375
2022-06-15,3789.989990234375,21308.2109375,26326.16015625
2022-06-16,3666.77001953125,20845.4296875,26431.19921875
2022-06-17,3674.840087890625,21075.0,25963.0
2022-06-21,3764.7900390625,21559.58984375,26246.310546875
2022-06-22,3759.889892578125,21008.33984375,26149.55078125
2022-06-23,3795.72998046875,21273.869140625,26171.25
2022-06-24,3911.739990234375,21719.060546875,26491.970703125
2022-06-27,3900.110107421875,22229.51953125,26871.26953125
2022-06-28,3821.550048828125,22418.970703125,27049.470703125
2022-06-29,3818.830078125,21996.890625,26804.599609375
2022-06-30,3785.3798828125,21859.7890625,26393.0390625
2022-07-05,3831.389892578125,21853.0703125,26423.470703125
2022-07-06,3845.080078125,21586.66015625,26107.650390625
2022-07-07,3902.6201171875,21643.580078125,26490.529296875
2022-07-08,3899.3798828125,21725.779296875,26517.189453125
2022-07-11,3854.429931640625,21124.19921875,26812.30078125
2022-07-12,3818.800048828125,20844.740234375,26336.66015625
2022-07-13,3801.780029296875,20797.94921875,26478.76953125
2022-07-14,3790.3798828125,20751.2109375,26643.390625
2022-07-15,3863.159912109375,20297.720703125,26788.470703125
2022-07-19,3936.68994140625,20661.060546875,26961.6796875
2022-07-20,3959.89990234375,20890.220703125,27680.259765625
2022-07-21,3998.949951171875,20574.630859375,27803.0
2022-07-22,3961.6298828125,20609.140625,27914.66015625
2022-07-25,3966.840087890625,20562.939453125,27699.25
2022-07-26,3921.050048828125,20905.880859375,27655.2109375
2022-07-27,4023.610107421875,20670.0390625,27715.75
2022-07-28,4072.429931640625,20622.6796875,27815.48046875
2022-07-29,4130.2900390625,20156.509765625,27801.640625
2022-08-01,4118.6298828125,20165.83984375,27993.349609375
2022-08-02,4091.18994140625,19689.2109375,27594.73046875
2022-08-03,4155.169921875,19767.08984375,27741.900390625
2022-08-04,4151.93994140625,20174.0390625,27932.19921875
2022-08-05,4145.18994140625,20201.939453125,28175.869140625
2022-08-08,4140.06005859375,20045.76953125,28249.240234375
2022-08-09,4122.47021484375,20003.439453125,27999.9609375
2022-08-10,4210.240234375,19610.83984375,27819.330078125
2022-08-12,4280.14990234375,20175.619140625,28546.98046875
2022-08-15,4297.14013671875,20040.859375,28871.779296875
2022-08-16,4305.2001953125,19830.51953125,28868.91015625
2022-08-17,4274.0400390625,19922.44921875,29222.76953125
2022-08-18,4283.740234375,19763.91015625,28942.140625
2022-08-19,4228.47998046875,19773.029296875,28930.330078125
2022-08-22,4137.990234375,19656.98046875,28794.5
2022-08-23,4128.72998046875,19503.25,28452.75
2022-08-24,4140.77001953125,19268.740234375,28313.470703125
2022-08-25,4199.1201171875,19968.380859375,28479.009765625
2022-08-26,4057.659912109375,20170.0390625,28641.380859375
2022-08-29,4030.610107421875,20023.220703125,27878.9609375
2022-08-30,3986.159912109375,19949.029296875,28195.580078125
2022-08-31,3955.0,19954.390625,28091.529296875
2022-09-01,3966.85009765625,19597.310546875,27661.470703125
2022-09-02,3924.260009765625,19452.08984375,27650.83984375
2022-09-06,3908.18994140625,19202.73046875,27626.509765625
2022-09-07,3979.8701171875,19044.30078125,27430.30078125
2022-09-08,4006.179931640625,18854.619140625,28065.279296875
2022-09-09,4067.360107421875,19362.25,28214.75
2022-09-13,3932.68994140625,19326.859375,28614.630859375
2022-09-14,3946.010009765625,18847.099609375,27818.619140625
2022-09-15,3901.35009765625,18930.380859375,27875.91015625
2022-09-16,3873.330078125,18761.689453125,27567.650390625
2022-09-20,3855.929931640625,18781.419921875,27688.419921875
2022-09-21,3789.929931640625,18444.619140625,27313.130859375
2022-09-22,3757.989990234375,18147.94921875,27153.830078125
2022-09-26,3655.0400390625,17855.140625,26431.55078125
2022-09-27,3647.2900390625,17860.310546875,26571.869140625
2022-09-28,3719.0400390625,17250.880859375,26173.98046875
2022-09-29,3640.469970703125,17165.869140625,26422.05078125
2022-09-30,3585.6201171875,17222.830078125,25937.2109375
2022-10-03,3678.429931640625,17079.509765625,26215.7890625
2022-10-05,3783.280029296875,18087.970703125,27120.529296875
2022-10-06,3744.52001953125,18012.150390625,27311.30078125
2022-10-07,3639.659912109375,17740.05078125,27116.109375
2022-10-11,3588.840087890625,16832.359375,26401.25
2022-10-12,3577.030029296875,16701.029296875,26396.830078125
2022-10-13,3669.909912109375,16389.109375,26237.419921875
2022-10-14,3583.070068359375,16587.689453125,27090.759765625
2022-10-17,3677.949951171875,16612.900390625,26775.7890625
2022-10-18,3719.97998046875,16914.580078125,27156.140625
2022-10-19,3695.159912109375,16511.279296875,27257.380859375
2022-10-20,3665.780029296875,16280.2197265625,27006.9609375
2022-10-21,3752.75,16211.1201171875,26890.580078125
2022-10-24,3797.340087890625,15180.6904296875,26974.900390625
2022-10-25,3859.110107421875,15165.58984375,27250.279296875
2022-10-26,3830.60009765625,15317.669921875,27431.83984375
2022-10-27,3807.300048828125,15427.9404296875,27345.240234375
2022-10-28,3901.06005859375,14863.0595703125,27105.19921875
2022-10-31,3871.97998046875,14687.01953125,27587.4609375
2022-11-01,3856.10009765625,15455.26953125,27678.919921875
2022-11-02,3759.68994140625,15827.169921875,27663.390625
2022-11-04,3770.550048828125,16161.1396484375,27199.740234375
2022-11-07,3806.800048828125,16595.91015625,27527.640625
2022-11-08,3828.110107421875,16557.310546875,27872.109375
2022-11-09,3748.570068359375,16358.51953125,27716.4296875
2022-11-10,3956.3701171875,16081.0400390625,27446.099609375
2022-11-11,3992.929931640625,17325.66015625,28263.5703125
2022-11-14,3957.25,17619.7109375,27963.470703125
2022-11-15,3991.72998046875,18343.119140625,27990.169921875
2022-11-16,3958.7900390625,18256.48046875,28028.30078125
2022-11-17,3946.56005859375,18045.66015625,27930.5703125
2022-11-18,3965.340087890625,17992.5390625,27899.76953125
2022-11-21,3949.93994140625,17655.91015625,27944.7890625
2022-11-22,4003.580078125,17424.41015625,28115.740234375
2022-11-25,4026.1201171875,17573.580078125,28283.029296875
2022-11-28,3963.93994140625,17297.939453125,28162.830078125
2022-11-29,3957.6298828125,18204.6796875,28027.83984375
2022-11-30,4080.110107421875,18597.23046875,27968.990234375
2022-12-01,4076.570068359375,18736.439453125,28226.080078125
2022-12-02,4071.699951171875,18675.349609375,27777.900390625
2022-12-05,3998.840087890625,19518.2890625,27820.400390625
2022-12-06,3941.260009765625,19441.1796875,27885.869140625
2022-12-07,3933.919921875,18814.8203125,27686.400390625
2022-12-08,3963.510009765625,19450.23046875,27574.4296875
2022-12-09,3934.3798828125,19900.869140625,27901.009765625
2022-12-12,3990.56005859375,19463.630859375,27842.330078125
2022-12-13,4019.64990234375,19596.19921875,27954.849609375
2022-12-14,3995.320068359375,19673.44921875,28156.2109375
2022-12-15,3895.75,19368.58984375,28051.69921875
2022-12-16,3852.360107421875,19450.669921875,27527.119140625
2022-12-19,3817.659912109375,19352.810546875,27237.640625
2022-12-20,3821.6201171875,19094.80078125,26568.029296875
2022-12-21,3878.43994140625,19160.490234375,26387.720703125
2022-12-22,3822.389892578125,19679.220703125,26507.869140625
2022-12-23,3844.820068359375,19593.060546875,26235.25
2022-12-28,3783.219970703125,19898.91015625,26340.5
2022-12-29,3849.280029296875,19741.140625,26093.669921875
2022-12-30,3839.5,19781.41015625,26094.5
2023-01-04,3852.969970703125,20793.109375,25716.859375
2023-01-05,3808.10009765625,21052.169921875,25820.80078125
2023-01-06,3895.080078125,20991.640625,25973.849609375
2023-01-10,3919.25,21331.4609375,26175.560546875
2023-01-11,3969.610107421875,21436.05078125,26446.0
2023-01-12,3983.169921875,21514.099609375,26449.8203125
2023-01-13,3999.090087890625,21738.66015625,26119.51953125
2023-01-17,3990.969970703125,21577.640625,26138.6796875
2023-01-18,3928.860107421875,21678.0,26791.119140625
2023-01-19,3898.85009765625,21650.98046875,26405.23046875
2023-01-20,3972.610107421875,22044.650390625,26553.529296875
2023-01-26,4060.429931640625,22566.779296875,27362.75
2023-01-27,4070.56005859375,22688.900390625,27382.560546875
2023-01-30,4017.77001953125,22069.73046875,27433.400390625
2023-01-31,4076.60009765625,21842.330078125,27327.109375
2023-02-01,4119.2099609375,22072.1796875,27346.880859375
2023-02-02,4179.759765625,21958.359375,27402.05078125
2023-02-03,4136.47998046875,21660.470703125,27509.4609375
2023-02-06,4111.080078125,21222.16015625,27693.650390625
2023-02-07,4164.0,21298.69921875,27685.470703125
2023-02-08,4117.85986328125,21283.51953125,27606.4609375
2023-02-09,4081.5,21624.359375,27584.349609375
2023-02-10,4090.4599609375,21190.419921875,27670.98046875
2023-02-13,4137.2900390625,21164.419921875,27427.3203125
2023-02-14,4136.1298828125,21113.759765625,27602.76953125
2023-02-15,4147.60009765625,20812.169921875,27501.859375
2023-02-16,4090.409912109375,20987.669921875,27696.439453125
2023-02-17,4079.090087890625,20719.810546875,27513.130859375
2023-02-21,3997.340087890625,20529.490234375,27473.099609375
2023-02-22,3991.050048828125,20423.83984375,27104.3203125
2023-02-24,3970.0400390625,20010.0390625,27453.48046875
2023-02-27,3982.239990234375,19943.509765625,27423.9609375
2023-02-28,3970.14990234375,19785.939453125,27445.560546875
2023-03-01,3951.389892578125,20619.7109375,27516.529296875
2023-03-02,3981.35009765625,20429.4609375,27498.869140625
2023-03-03,4045.639892578125,20567.5390625,27927.470703125
2023-03-06,4048.419921875,20603.189453125,28237.779296875
2023-03-07,3986.3701171875,20534.48046875,28309.16015625
2023-03-08,3992.010009765625,20051.25,28444.189453125
2023-03-09,3918.320068359375,19925.740234375,28623.150390625
2023-03-10,3861.590087890625,19319.919921875,28143.970703125
2023-03-13,3855.760009765625,19695.970703125,27832.9609375
2023-03-14,3919.2900390625,19247.9609375,27222.0390625
2023-03-15,3891.929931640625,19539.869140625,27229.48046875
2023-03-16,3960.280029296875,19203.91015625,27010.609375
2023-03-17,3916.639892578125,19518.58984375,27333.7890625
2023-03-20,3951.570068359375,19000.7109375,26945.669921875
2023-03-22,3936.969970703125,19591.4296875,27466.609375
2023-03-23,3948.719970703125,20049.640625,27419.609375
2023-03-24,3970.989990234375,19915.6796875,27385.25
2023-03-27,3977.530029296875,19567.689453125,27476.869140625
2023-03-28,3971.27001953125,19784.650390625,27518.25
2023-03-29,4027.81005859375,20192.400390625,27883.779296875
2023-03-30,4050.830078125,20309.130859375,27782.9296875
2023-03-31,4109.31005859375,20400.109375,28041.48046875
2023-04-03,4124.509765625,20409.1796875,28188.150390625
2023-04-04,4100.60009765625,20274.58984375,28287.419921875
2023-04-06,4105.02001953125,20331.19921875,27472.630859375
2023-04-11,4108.93994140625,20485.240234375,27923.369140625
2023-04-12,4091.949951171875,20309.859375,28082.69921875
2023-04-13,4146.22021484375,20344.48046875,28156.970703125
2023-04-14,4137.64013671875,20438.810546875,28493.470703125
2023-04-17,4151.31982421875,20782.44921875,28514.779296875
2023-04-18,4154.8701171875,20650.509765625,28658.830078125
2023-04-19,4154.52001953125,20367.759765625,28606.759765625
2023-04-20,4129.7900390625,20396.970703125,28657.5703125
2023-04-21,4133.52001953125,20075.73046875,28564.369140625
2023-04-24,4137.0400390625,19959.939453125,28593.51953125
2023-04-25,4071.6298828125,19617.880859375,28620.0703125
2023-04-26,4055.989990234375,19757.26953125,28416.470703125
2023-04-27,4135.35009765625,19840.279296875,28457.6796875
2023-04-28,4169.47998046875,19894.5703125,28856.439453125
2023-05-02,4119.580078125,19933.810546875,29157.94921875
2023-05-08,4138.1201171875,20297.029296875,28949.880859375
2023-05-09,4119.169921875,19867.580078125,29242.8203125
2023-05-10,4137.64013671875,19762.19921875,29122.1796875
2023-05-11,4130.6201171875,19743.7890625,29126.720703125
2023-05-12,4124.080078125,19627.240234375,29388.30078125
2023-05-15,4136.27978515625,19971.130859375,29626.33984375
2023-05-16,4109.89990234375,19978.25,29842.990234375
2023-05-17,4158.77001953125,19560.5703125,30093.58984375
2023-05-18,4198.0498046875,19727.25,30573.9296875
2023-05-19,4191.97998046875,19450.5703125,30808.349609375
2023-05-22,4192.6298828125,19678.169921875,31086.8203125
2023-05-23,4145.580078125,19431.25,30957.76953125
2023-05-24,4115.240234375,19115.9296875,30682.6796875
2023-05-25,4151.27978515625,18746.919921875,30801.130859375
2023-05-30,4205.52001953125,18595.779296875,31328.16015625
2023-05-31,4179.830078125,18234.26953125,30887.880859375
2023-06-01,4221.02001953125,18216.91015625,31148.009765625
2023-06-02,4282.3701171875,18949.939453125,31524.220703125
2023-06-05,4273.7900390625,19108.5,32217.4296875
2023-06-06,4283.85009765625,19099.279296875,32506.779296875
2023-06-07,4267.52001953125,19252.0,31913.740234375
2023-06-08,4293.93017578125,19299.1796875,31641.26953125
2023-06-09,4298.85986328125,19389.94921875,32265.169921875
2023-06-12,4338.93017578125,19404.310546875,32434.0
2023-06-13,4369.009765625,19521.419921875,33018.6484375
2023-06-14,4372.58984375,19408.419921875,33502.421875
2023-06-15,4425.83984375,19828.919921875,33485.48828125
2023-06-16,4409.58984375,20040.369140625,33706.078125
2023-06-20,4388.7099609375,19607.080078125,33388.91015625
2023-06-21,4365.68994140625,19218.349609375,33575.140625
2023-06-23,4348.330078125,18889.970703125,32781.5390625
2023-06-26,4328.81982421875,18794.130859375,32698.810546875
2023-06-27,4378.41015625,19148.130859375,32538.330078125
2023-06-28,4376.85986328125,19172.05078125,33193.98828125
2023-06-29,4396.43994140625,18934.359375,33234.140625
2023-06-30,4450.3798828125,18916.4296875,33189.0390625
2023-07-03,4455.58984375,19306.58984375,33753.328125
2023-07-05,4446.81982421875,19110.380859375,33338.69921875
2023-07-06,4411.58984375,18533.05078125,32773.01953125
2023-07-07,4398.9501953125,18365.69921875,32388.419921875
2023-07-10,4409.52978515625,18479.720703125,32189.73046875
2023-07-11,4439.259765625,18659.830078125,32203.5703125
2023-07-12,4472.16015625,18860.94921875,31943.9296875
2023-07-13,4510.0400390625,19350.619140625,32419.330078125
2023-07-14,4505.419921875,19413.779296875,32391.259765625
2023-07-18,4554.97998046875,19015.720703125,32493.890625
2023-07-19,4565.72021484375,18952.310546875,32896.03125
2023-07-20,4534.8701171875,18928.01953125,32490.51953125
2023-07-21,4536.33984375,19075.259765625,32304.25
2023-07-24,4554.64013671875,18668.150390625,32700.939453125
2023-07-25,4567.4599609375,19434.400390625,32682.509765625
2023-07-26,4566.75,19365.140625,32668.33984375
2023-07-27,4537.41015625,19639.109375,32891.16015625
2023-07-28,4582.22998046875,19916.560546875,32759.23046875
2023-07-31,4588.9599609375,20078.939453125,33172.21875
2023-08-01,4576.72998046875,20011.119140625,33476.578125
2023-08-02,4513.39013671875,19517.380859375,32707.689453125
2023-08-03,4501.89013671875,19420.869140625,32159.279296875
2023-08-04,4478.02978515625,19539.4609375,32192.75
2023-08-07,4518.43994140625,19537.919921875,32254.560546875
2023-08-08,4499.3798828125,19184.169921875,32377.2890625
2023-08-09,4467.7099609375,19246.029296875,32204.330078125
2023-08-10,4468.830078125,19248.259765625,32473.650390625
2023-08-14,4489.72021484375,18773.55078125,32059.91015625
2023-08-15,4437.85986328125,18581.109375,32238.890625
2023-08-16,4404.330078125,18329.30078125,31766.8203125
2023-08-17,4370.35986328125,18326.630859375,31626.0
2023-08-18,4369.7099609375,17950.849609375,31450.759765625
2023-08-21,4399.77001953125,17623.2890625,31565.640625
2023-08-22,4387.5498046875,17791.009765625,31856.7109375
2023-08-23,4436.009765625,17845.919921875,32010.259765625
2023-08-24,4376.31005859375,18212.169921875,32287.2109375
2023-08-25,4405.7099609375,18119.390625,31624.279296875
2023-08-28,4433.31005859375,18130.740234375,32169.990234375
2023-08-29,4497.6298828125,18484.029296875,32226.970703125
2023-08-30,4514.8701171875,18482.859375,32333.4609375
2023-08-31,4507.66015625,18382.060546875,32619.33984375
2023-09-05,4496.830078125,18456.91015625,33036.76171875
2023-09-06,4465.47998046875,18449.98046875,33241.01953125
2023-09-07,4451.14013671875,18202.0703125,32991.078125
2023-09-11,4487.4599609375,18096.44921875,32467.759765625
2023-09-12,4461.89990234375,18025.890625,32776.37109375
2023-09-13,4467.43994140625,18009.220703125,32706.51953125
2023-09-14,4505.10009765625,18047.919921875,33168.1015625
2023-09-15,4450.31982421875,18182.890625,33533.08984375
2023-09-19,4443.9501953125,17997.169921875,33242.58984375
2023-09-20,4402.2001953125,17885.599609375,33023.78125
2023-09-21,4330.0,17655.41015625,32571.029296875
2023-09-22,4320.06005859375,18057.44921875,32402.41015625
2023-09-25,4337.43994140625,17729.2890625,32678.619140625
2023-09-26,4273.52978515625,17466.900390625,32315.05078125
2023-09-27,4274.509765625,17611.869140625,32371.900390625
2023-09-28,4299.7001953125,17373.029296875,31872.51953125
2023-09-29,4288.0498046875,17809.66015625,31857.619140625
2023-10-03,4229.4501953125,17331.220703125,31237.939453125
2023-10-04,4263.75,17195.83984375,30526.880859375
2023-10-05,4258.18994140625,17213.869140625,31075.359375
2023-10-06,4308.5,17485.98046875,30994.669921875
2023-10-10,4358.240234375,17664.73046875,31746.529296875
2023-10-11,4376.9501953125,17893.099609375,31936.509765625
2023-10-12,4349.60986328125,18238.2109375,32494.66015625
2023-10-13,4327.77978515625,17813.44921875,32315.990234375
2023-10-16,4373.6298828125,17640.359375,31659.029296875
2023-10-17,4373.2001953125,17773.33984375,32040.2890625
2023-10-18,4314.60009765625,17732.51953125,32042.25
2023-10-19,4278.0,17295.890625,31430.619140625
2023-10-20,4224.16015625,17172.130859375,31259.359375
2023-10-24,4247.68017578125,16991.529296875,31062.349609375
2023-10-25,4186.77001953125,17085.330078125,31269.919921875
2023-10-26,4137.22998046875,17044.609375,30601.779296875
2023-10-27,4117.3701171875,17398.73046875,30991.689453125
2023-10-30,4166.81982421875,17406.359375,30696.9609375
2023-10-31,4193.7998046875,17112.48046875,30858.849609375
2023-11-01,4237.85986328125,17101.779296875,31601.650390625
2023-11-02,4317.77978515625,17230.58984375,31949.890625
2023-11-06,4365.97998046875,17966.58984375,32708.48046875
2023-11-07,4378.3798828125,17670.16015625,32271.8203125
2023-11-08,4382.77978515625,17568.4609375,32166.48046875
2023-11-09,4347.35009765625,17511.2890625,32646.4609375
2023-11-10,4415.240234375,17203.259765625,32568.109375
